Sample ID,Biv-1,Biv-1 juv.,Biv-2,Biv-2 juv.,Biv-3,Biv-3 juv.,Biv-4,Biv-5,Biv-6,Biv-6 juv.,Biv-7,Biv-7 juv.,Biv-9,Biv-9 juv.,Biv-10,Biv-12,Biv-12 juv.,Biv-13,Biv-13 juv.,Biv-14,Biv-15,Biv-15 juv.,Biv-16,Biv-17,Biv-17 juv.,Biv-18,Biv-18 juv.,Biv-20,Biv-21,Gas-1,Gas-1 juv.,Gas-2,Gas-2 juv.,Gas-3,Gas-3 juv.,Gas-4,Gas-4 juv.,Gas-5,Gas-5 juv.,Gas-6,Gas-6 juv.,Gas-7,Gas-7 juv.,Gas-8,Gas-9,Gas-9 juv.,Gas-10,Gas-10 juv.,Gas-11,Gas-11 juv.,Oph-1,Oph-1 juv.,Oph-2,Oph-2 juv.,Oph-3,Oph-3 juv.,Hol-1,Hol-2,Cri-1,Poly-1,Poly-2,Poly-3,Poly-4,Poly-6,Poly-7,Poly-9,Poly-11,Poly-14,Poly-15,Poly-17,Poly-18,Poly-20,Poly-21,Poly-22,Poly-25,Poly-26,Poly-29,Poly-30,Poly-31,Poly-34,Poly-35,Poly-37,Poly-38,Poly-39,Poly-40,Poly-41,Poly-42,Poly-44,Poly-46,Poly-49,Poly-51,Poly-55,Poly-57,Poly-58,Poly-59,Poly-60,Poly-63,Poly-64,Poly 65,Oli-1,Sip-1,Sip-2,Echi-1,Nem-1,Nem-3,Plat-1,Kino-1,Por-1,Bry-1,Bry-2,Bry-3,Bryo-4,Pho-1,Hyd-1,Hyd-2,Hyd-3,Hyd-4,Hala-1,Hala-2,Hala-3,Amph-1,Amph-2,Amph-3,Amph-4,Amph-5,Deca-1,Deca-2,Deca-3,Deca-4,Deca-5,Deca-6,Deca-7,Cum-1,Cum-2,Cum-3,Euph-1,Iso-1,Iso-2,Iso-3
TB2B-18.6-17,1,,,,,,,,,,1,,,,,,,,,,,,,,,,,,,,1,,,,,,,,1,,,,,,,,,,,,,,,,,,,1,,,,1,2,,,,,,,,,,2,,1,,,,1,,,,,,,,,,,,,,,,,,,,,,,,,4,,,,,,,,,,,,,,,,,,,,,,,,,,,,,,,,,,,
TB2B-18.6-21,2,,,,,,,,,,4,,,,,,,,,,,,,,,,,,,,,,,,,,,1,,,,,,,,,,,,,,,,,,,,1,1,,1,1,2,,,2,,,,,,,3,,1,3,1,,,,1,,,,,,2,,,,,,,,,,,,,,,,,,,,2,,,,,,,,,,,,,,,,,,,,,,,,,,2,,,,,,
TB2B-18.6-34,,,,,,1,,,,,,,,,,,,,,,,,,,,,,,,3,,1,,,,,,,,,,,,,,,,,,,,,1,,,,,,,,1,2,,,,1,,,6,,,,,,2,,,,,,,,,,,,,,,,,,,,,1,,,,,,,,,,,3,,1,,,,,,,,,,,,1,1,,,,,,,,,,,1,,,,,,
TB2B-18.6-33,,,,,2,,,,,,1,,,,,3,,,,1,,,,,,,,,,2,,1,,,,,,1,,,,,,,,,,,,,,,,,,,,,1,,,2,2,,,1,,,,,,,5,,,1,,,,,,,,,,,,,,,,,,,,,,,,,,,,,,,1,,,,,,,,,,,2,,,,,,,,3,,,,,,,1,1,,,,,
TB2B-18.6-37,,,,,4,,,,,,,,,,,,,,,,,,,,,,,,,,,,,,,,,,,,,,,,,,,,,,,,,,,,,,,,1,,,,,,3,,3,2,,,1,,4,,,,1,,,,,,,,,,,,,,,,,,,,,,2,,,2,,,1,,,,,,,,,,,,,,,1,,,,,,,,,,,1,,,,,,
TB2B-18.6-38,,,,,1,,,,,,1,,,,1,,5,,,,,,,,,,,,,2,,,,,,,,1,,,,,,,,,,,,,,,,,,,,,1,,1,1,2,,,1,1,,,,,,3,,,,1,,1,,,,,,,,,,,,,,,,,,,,,,1,,,,,,4,,,1,,,,,,,,,,,,,,,,,,,,,,,,,,,,,
TB2B-18.6-27,,,,,,,,,,,,,,,,,,,,,,,,,,,,,,,,1,,,,,,,,,,,,,,,,,,,,,,,,,1,,,,,1,1,,,,,,,1,,,,,1,,,,,,,,,,,,,,,,,,,,,,,,,,,,,,,,3,,,,,,,,,,,,,,,,,,,,,,,,,,,,,,,,
TB2B-18.6-25,1,,,,1,,,,,,,,,,,,5,,,,,,,,1,,,,,9,,1,,,,,,,,,,,,,,,,,,,,,1,,,,,,,,,2,4,,,,,,1,,,,1,2,1,,,,,,,,,,,,,,,,,,,,,,,,,1,1,,,,,,,,,,,,,,,,,,,,,,,,,,,,,,,,1,,,,,,
TB2B-18.6-42,,,,,2,,,,,,,,,,,,,,,,,,,,,,,,,2,,1,,,,,,,,,,,,,,,,,,,,,,,,,,,,,2,2,1,,,3,3,,,,,,2,,,,,,,,,,,,,,,,,,,,,,,,,,,,1,,,1,,,1,,,,,,,,,,,1,,,,,,,,,,,,,,,,,,,,,
TB2B-18.6-41,,,,,,,,,,,,,,,,,3,,,,,,,,,,,,,,,,,,,,,,,,,,,,,,,,,,,,,1,,,,,,,,1,,,,,2,,,1,,,,,2,4,1,,,,,,1,,,,,2,,,,,,,,,,,,,1,,,1,,,,1,,1,,,,,,,,1,,,,,,,,,,,,,,,1,,,,,,
TB2B-18.6-18,,,,,1,,,,,,,,1,,,,1,,,,,,,,,,,,,4,,1,,,,,,,,,,,,,,,,,,,,,,,,,,,,,2,,1,,,1,1,,,,,,3,,6,,2,,5,,,,,,,,,,,,,,,,,,,,,,2,,,1,,,,,,,,,,,,,,1,,,,,,,,,,,,,,,,,,,,,
TB2B-18.6-22,1,,,,3,,,,,,,,,,,,,,,,,,,,,,,,,9,,,,,,,,,,,,,,,,,,,,,,,,,,,,,,,2,,1,,,,3,,3,,,,,,1,,,,,,,,,,,2,,,,,,,,,,,,,,,2,,,,,,,,,,,,,,,,,,,,,,,,,,,,,,,,1,,,,,,
TB2B-18.6-31,,,,,1,,,,,,,,,,,,,,,,,,,,,,,,,3,,1,,1,,1,,,,,,,,,,,,,,,,,,,,,,,,,1,,,,,,2,,1,1,,,1,,,,,,,,,,,,,,,,,,,,,,,,,,,,3,,,,,,,,,,,,,,,,1,,,,,,,,,,,,,,,1,3,,,,,,
TB2B-19.1-44,,,,,,,,,,,,14,,,,,5,,,,,10,,,,,,,,,,,,,,,,,,,,,,,,,,,,,,,,,1,,,,,,,,,,,,,,,,,,,,,,,,,,,,,,,,,,,,,,,,,,,,,,,,,,,,,,,,,,,,,,,1,,,,,,,,,,,,,,,,,,,,,
TB2B-19.1-32,,,,,1,,,,,,,,,,,,3,,,,,5,,,,,,,,,,,,,,,,,,,,,,,,,,,,,,,,,,,,,1,,,1,1,,,,,,,,,,1,,,,,,,2,,,2,,,,,1,,,,,,,,,,,,,,,,,,,,,,,,,,,,,,,,,,,,,,,,,,,,,,,,,,,
TB2B-19.1-23,,,,,,,,,,,,9,,,,,5,,,,,4,,,,,,,,,,,,,,,,,,,,,,,,,,,,,1,,1,,,,,,,,,,1,,,,,,,,,,3,,,,,,,,,,,,,,,,,,,,,,,,,,,,,,,,,,,,,,,,,,,,,1,,,,1,,,,1,,,,,,,,,,,,,
TB2B-19.1-18,,,,,,12,1,,,,6,10,,,,,,,,,,,,,11,,,,,1,3,1,,,,,,1,,,1,,,1,,,,,,,,,,,,,,,1,,1,2,1,,,2,1,,,,,,2,,1,,,,,,,,1,,4,,,,,,,,,,,,,,,2,3,1,,,,,,1,,,,,,1,,,3,2,,,,,,,,1,,,,,,,,,,,,,
TB2B-19.1-1,,,,,,,,,,,,,,,,,,,,,,,,,,,,,,,,,,,,,,,,,,,,,,,,,,,,,,,,,,,,,,,1,,,,,,,,,,1,,,,,,,,,,,,,,,,,,,,,,,,,,,,,,,,,,,,,,,,,,,,,,,,,,,,,,,,,,,,,,,,,,
TB2B-19.1-27,,,,,,4,,,,,,,,,,,,,,,,1,,,,,,,,,1,,,,,,,,,,,,,,,,,,,,,,,,,,,,,,,,,,,,,,,,,,,,,,,,,,,,,,,,,,,,,,,,,,,,,1,,,,,,,,,,,,,,,,,,,,,,,,,,,,,,,,,,,,,,,
TB2B-19.1-10,,,,,,7,,,,,,1,,,,,1,,,,,,,,,,,,,,,,,,,,,,,,,,,,,,,,,,,,,,,,,,,,,,,,,1,,,,,,,,,,,,,,,,,,,,,,,,,,,,,,,,,,,,,,1,,,,,,,,,,,,,,,,,,,,,,,,,,,,,,,,,,,
TB2B-19.1-15,,3,,,,,,,,,,,,,,,,,,,,,,,,,,,,,,,,,,,,,,,,,,,,,,,,,,,,,,,,,1,,,1,1,,,,,,,,,,1,,,,,,,,,1,,,,,,,,,,,,,,,,,,,,,,,,,,,,,,,,,,,,,,,,,,,,,,,,,,,,,,,,,
TB2B-19.1-2,2,,,,1,1,3,,,,2,4,,,,,1,,,,,,,,,,,,,,,,,,,,,,1,,,,,,,,,,,,,,,,,,,,,,2,1,,,,,,,,1,,,,,,,,,1,,,,,,1,,,1,,,,,,,,,,,,,,,,,,,1,,,,1,,,,,3,1,,,,1,,,,,2,,,,,,,,,,,,,
TB2B-19.1-35,,,,,,,,,,,,20,,,,,,,,,,3,,,,,,,,,,,,,,,,,,,,,,,,,,,,,,,,,,,,,1,,2,2,1,,3,1,,,,,,,3,,,,,,,,,,,,,,,,,,,,,,,,,,,,,,,,,,,,,1,,,,2,,,,1,,,,,,,,1,,,,,,,,,,,,,
TB2B-19.1-4,,,,,,,,,,,,,,,,,,,,,,,,,,,,,,,,,,,,,,,,,,,,,,,,,,,,,,,,,,,,,1,,,,2,,,,,,,,,,,,,,,,,,,,,,,,,,,,,,,,,,,,,,,,,,,,,,,,,,,,,,,,,,,,,,,,,,,,,,,,,,
TB2B-19.1-30,,,,,,,,,,,,2,,,,,,,,,,13,,,,,,,,,,,,,,,,,,,,,,,,,,,,,,,,,,,,,,,1,1,,,1,1,,,,,,,1,,,,1,,,,,,,,3,,,,,,,,,,,,,,,,,,,,1,,,,,,,,,,,,,,,,,,,,,,,,,,,,,,,,,,
TB2B-19.3-16,1,,,,,,2,,1,,1,,,,,,,1,,,,,,,,,,,,,,,,,,,,,,,,,,,,,,,,,,,,,,,,,,,2,,1,,,,,,,,,,,,1,,,,,,,,,,3,,,,,,,,,1,,,,,,,1,,,,,,,,,,,,,,,,,,,,,,,,,,,,,,,,,,,,,,
TB2B-19.3-8,2,,,,,,1,,,,,,,,,,,,,,2,,,,,,,,,,,,,,,,,,,,,,,,,,,,,,,,,,,,,,,1,1,,1,,,,,,,,,,,,,,,,,,,,,,11,,,,,,,,,,,,,,,1,1,,,,,,,,,,,,,,,,,,,,,1,,,,,,,,,,,,,,,,,
TB2B-19.3-60,1,,,,,,,,,,1,,,,,,,,,,,,,,1,,,,,,,,,,,,,,,,,,,,,,,,,,,,,,,,,,,1,2,1,4,,,1,,,1,,,,1,,,,,,1,,,,,1,12,,,,,,,,,,,1,,,,1,,,,,,,,,,,,,,,,,,,,,,,,,,,,,,,,,,1,,,,,
TB2B-19.3-51,4,,,,,,,,,,,,,,,,,,,,,,,,,,,,,,,,,,,,,,,,,,,,,,,,,,,,,,,,,,,,2,1,2,,,,,,,,,,,,,,,,,,,,,,5,,,,,,,,,,,,,,,2,,,,1,,,,,,,,,,,,,,,,,,,,,,,,,,,,,,,,,,,
TB2B-19.3-28,,2,,,,,,,,,,,,,,,,,,,,,,,,,,,,,,,,,,,,,,,,,,,,,,,,,,,,,,,,,,,,,1,,,1,,,,,,,,,3,,,,,,,1,,,2,1,,,,,,,,1,,,,,,,1,,,1,,,,,,,,,,,,,,,,,,,,,,,,,,,,,,,,,,,
TB2B-19.3-14,,1,,,,1,,,,,,,,,,,,,,,,,,,,,,,,,,,,,,,,1,,,,,,,,,,,,,,,,,,,,,,1,,1,4,,,,1,,,1,,,1,,1,,2,,,1,,,4,,1,,,1,,,1,,,,,,,,,,,,,,,,,,,,,,,,,,,,,,,1,,1,,,,,1,,,,,,,,,,
TB2B-19.3-31,1,4,,,6,,,,,,1,,,,,,,,,,,,,,,,,,,,,,,,,,,,,,,,,,,,,,,,,,,,,,,,,,1,1,2,,,2,,,,,,,1,1,4,1,,,,,1,,,,12,3,,1,,,,,,,,,,,,1,2,,,1,,,,,,,,,,,,,,,,,2,3,,,,,,,,,,,,,,,,,
TB2B-19.3-4,1,,,,,17,,,,,,2,,,,,1,,1,,,2,,,,,,,,,,,,,,,,,,,,,,,,,,,,,,,,,,,,,,,1,,,,,,,,,,,,,,1,,,,,,,,,,,,,,,,,,,,,,,,,,,,,1,,2,,,1,1,,,,,,,,,,,,,,,,,,,,,,,,,,,,,
TB2B-19.3-5,,,,,,,,,,,,,,,,,,,,,,,,,,,,,,,,,,,,,,,,,,,,,,,,,,,,,,,,,,,,1,,,2,,,,,,,,,,1,,2,,,,1,1,,,,,3,,,,,,,,,,,,,,,,,,,,,,,,,,,,,,,,,,,,,,,,,,,,,,,,,,,,,,
TB2B-19.3-12,1,3,1,,,,,,,,,,1,,,,,,,,,,,,,,,,,1,,1,,,,,,,,,,,,,,,,,,,,,,,,,,,,4,,2,5,,,2,1,,1,,,,1,,1,,2,,2,,,1,,,13,,,1,,,,,,1,,,,,,3,1,,,,,,,,,,,,,,,,,,,,,,,,,1,,,,,,,,2,,,,,
TB2B-19.3-9,,,,,,,,,,,,,,,,,,,,,,,,,,,,,,,,,,,,,,,,,,,,,,,,,,,,,1,,,,,,,,1,,2,,,,,,,,,,,1,,,,,,,,,,,,,,,,,,,,1,,,,,,,,,,,,,,,,,,,,,,,,,,,,1,,,,,,,,,,,,,,,,,
TB2B-19.3-57,,1,,,,1,,,,,2,,,,,,,,,,,,,,,,,,,,,,,,,,,,,,,,,,,,,,,,,,,,,,,,,1,,,1,,,,,,,,,,2,1,,,1,,,,,,4,,,1,,,,,,,,,,,,,,,,,,1,,3,,,,,,,,,,,,,,,,1,,,,,,,,,,,,,,,,,
TB2B-19.3-44,1,1,,,1,,,,,,,,,,,,,,,,,,,,,,,,,,1,,,,,,,,,,,,,,,,,,,,,,,,,,,,,1,,,1,,,2,2,,,,,,,,,,,,,1,,,,,5,,,,,,,,,,,,,,,,1,,,1,,,,,,,,,,,,,,,,,1,,,,,,,,,,,,,,,,,,
TB2B-19.3-34,2,,,,,,,,,,,,,,,,,,,,,,,,,,,,,1,,,,,,,,,,,,,,,,,1,,,,,,,,,,,,,,,,1,,,,,,,,,,,1,1,,,,,,,,,,6,,,,,,,,,,,,,,,,3,,,2,,,,,,,,,,,,,,,,,,,,,,,,,,,,,,1,,,,,
TB2B-19.6-33,1,,,,,,,,,,,,,,,,1,,,,,,,,,,,,,3,,,,,,,,,,,,,,,,,,,,,,,,,,,,,,,,,,,,,1,,,,,,3,,2,,,,,,,1,,,2,,,,,,,,,,,,,,,1,1,,,,,,,,,,,,,,,,,,,,1,4,,,,,,,,,,,,,,,,,
TB2B-19.6-18,,,1,,,1,,,,,,,,,,,,,,,,,,,,,,,,,,,,,,,,,,,,,,,,,,,,,,,,,,,,,1,,2,1,,,,1,,,,,,,7,,2,,,,,,,,2,,3,,,,,,,,,,,,,,,3,,,,1,1,,,,,,,,,,,,,,,,,1,,,,,,,,,,,,,,,,,
TB2B-19.6-13,,,,,,,,,,,,,,,,,,,,,,,,,,,,,,1,,1,,,,,,,,,,,,,,,,,,,,,,,1,,,,,,,,,,,,,,,,,,,,,,,,,,,1,,,,1,,,,,,,1,,,1,,,,1,,,,,,,,,,,,,,,,,,,,,,1,1,,,,,,,,,,,,,,,,
TB2B-19.6-92,,,,,,,,,,,,,,,,,,,,,,,,,,,,,,,,,,,,,,,,,,,,,,,,,,,,,,,,,,,,,1,,1,,,,1,,,,,,3,,1,,,,,,,,,,5,,,,,,,,,,,,,,,2,,,,2,1,,,,,,,,,,,,,,,,,1,,,,,,,,,,,,,,,,,
TB2B-19.6-49,,,,,,,,,1,,,,,,,,1,,,,,,,,,,,,,,,,,,,,,,,,,,2,,,,,,,,,,,,,,,1,,,,,,,2,,,,1,,,,,,,,,,,,,,,,,,,,,,,,,,,,,,,,7,,,,,,,,,,,,,,,,,,,,,,,,,3,,,,,,,,,,,,,
TB2B-19.6-3,,,,,,,,,,,,,,,,,,,,,,,,,,,,,,,,,,,,,,,,,,,,,,,,,,,,,,,,,,,,,4,,,,,1,,,,,,,1,,4,,,,,,,,,,3,,,,,,,,,,,,,,,1,,,,1,,,,,,,,,,,,,,,,,,,,,,,,,,,,,,,,,,,
TB2B-19.6-19,,,,,,1,,,1,,,,,,,,,,,,,,,,,,,,,,,,,,,,,1,,,,,,,,,,,,,,,,,,,,,,,,,,,,,2,,,,,,2,,1,,,,,,,,,,8,,,,,,,,,,,,,,,1,1,,,1,,,,,,,,,,,,,,,,,,,,,,,,,,,,,,,,,,,
TB2B-19.6-65,,,,,,,,,,,,2,,,,,9,,,,,,,,,,,,,,,,,,,,,,,,,,,,,,,,,,,,,,,,,,,,1,1,1,,,1,,,,,,,4,1,1,,1,,,1,,,,1,3,2,,,,,,,,,,1,,,,1,,,,1,,,,,,,,,,,,,,,,,,,,,,,,,,,,,,,,,1,,
TB2B-19.6-31,,,,,1,,,,,,,,,,,,,,,,,,,,,,,1,,,,,,,,,,,,,,,,,,,,,,,,,,,,,,,,1,,,6,,,,1,,,,,,1,,,,,,,,,,,,8,,,,,,,,,,,,,,,1,,,,,,,,,,,,,,,,,,,,,,,,,,,,,,,,,,,,,,,
TB2B-19.6-60,1,,,,1,,,,,,,,,,,,,,,,,,,,,,,,,,,,,,,,,,,,,,,,,,,,,,,,,,,,,,1,,6,,1,,,,,,,,,,2,,,,,,,,,,1,,2,,,,,,,,,,,,,,,2,3,,,,,,,,,,,,,,,,,,,,,2,,,,,,,,,,,,,,,,,
TB2B-19.6-93,,,,,,,,,,,,,,,,,,,,,,,,,,,,,,,,,,,,,,,,,,,,,,,,,,,,,,,,,,,,,1,,1,,,,,,,,,,2,,2,,,,1,,,1,,,4,,,,,,,,,,,,,,,,,,,3,,,,,,,,,,,,,,,,,,,,,,,,,,,,,,,,,,,
TB2B-19.6-10,,,,,,,,,,,,,,,,,,,,,,,,,,,,,,,,,,,,,,,,,,,,,,,,,,,,,,,,,,,1,,1,,,,,3,,,,,,,2,,3,,,,,,,1,,,3,,,,,,,,,,,,,,,,,,,1,,,,,,,,,,,2,,,,,,,,,,,,,,,,,,,,,,,,
TB2B-19.7-85,,,,,,,,,,,,,,,,,,,,,,,,,,,,,,,,,,,,,,,,,,,,,,,,,,,,,,,,,,,,,,2,1,,,1,,,,,,,1,1,,,,,,,,,,,,,,,,,,,,,,,,,,,,,,1,,,,,,,,,,,,,,,,,,,,,,,,,,,,,,,,,,,
TB2B-19.7-94,,,,,,,,,,,,2,,,,,,,,,,,,,,,,,,,,,,,,,,,,,,,,,,,,,,,,,,,1,,,,,1,1,,,,,,,,,,,,2,,1,,,,,,,,,,8,,,,,,,,,,,,,,,1,,,,,,,,,,1,,,,,,,,,,,,,,,,,,,,,,,,1,,,,,
TB2B-19.7-33,,,,,,,,,,,,,,,,,,,,,,,,,,,,,,,,,,,,,,,,,,,,,,,,,,,,,,,,,,,,,,,,,,,,,,,,,1,,,,,,,,,,,,1,,,,,,,,,,,,,,,,3,,,,,,1,,,1,,,,,,,,,,,,,,,,,,,,,,,,,,,,,
TB2B-19.7-64,,,,,,,,,,,,,,,,,,,,,,,,,,,2,,,,,,,,,,,,,,,,,,,,,,,,,,,,,,,,,,1,3,3,,,,,,,,,,1,,1,,,,1,,,,,,13,,,,,,,,,,,,,,,1,1,,,,,,,,,,,,,,,,,,,,,,,,,,,,,,,,,,,,,,
TB2B-19.7-51,,,,,1,,,,,,,,,,,,,,,,,,,,,,3,1,,,,1,,1,,,,,,,,,,,,,,,,,1,,1,,,,,,,,1,1,,,,,1,,,1,,,1,1,,,,,,,,,,1,1,,,,,,,,,,,,,,,1,,,,,1,,,,,1,,,,,,,,,,,,,,,,,,,,,,,,,,,,,
TB2B-19.7-65,,,,,,,,,,,,,,,,1,,,,,,,,,,,,,,,2,,,,,,,,,,,,,,,,,,,,,,,,,,,,,,2,1,2,,,,,,,,,,1,,4,,,,,,,,1,,5,,,,,,,,,,,,,,,,1,,,,,,,,,,,,,,,,,,,,,,,,,,,,,,,,,,,,,,
TB2B-19.7-19,,,,,,,,,,,,,,,,,,,,,,,,,,,,,,,,,,,,,,,,,,,,,,,,,,,,,,,,,,,,,,,2,,,,,,,,,,,,,,,,,1,,,,,1,,,,,,,,,,,,,,,1,,,,1,1,,,,,,,,,,,,,,,,,,,,,1,,,,,,,,,,,,,
TB2B-19.7-84,,,,,,,,,1,,,,,,,,,,,,,,,,,,1,,,,,,,,,,,,,,1,1,,,,,,,,,,,,,,2,,,,,,,2,,,,,,,,,,,,1,,,,,,,1,1,,29,,,,,,,,1,,,,,,,2,,,,,,,1,,,1,,,,,,,,,,,,3,,,,,,,,,,,,,,,,,
TB2B-19.7-1,,,,,,,,,1,,,,,,,,,,,,,,,,,,,,,,,,,,,,,,,,,,,,,,,,,,,,,,,,,,,,,,2,,,,1,,,,,,1,,1,,1,,,,,,,,14,,,,,,,,,,,,,,,,,,,,2,,,,,,,,,,,,,,,,,,,,,,,,,,,,,,,,,,
TB2B-19.7-95,,,,,,,,,,,,,,,,,,,,1,,,,,,,,1,,,,,,,,,,,,,,,,,,,,,,,,,,,,,,,,,2,,,,,,1,,,,,,,,,,,,,,,,,,1,,,,,,,,,,,,,,,,1,,,,,,,,,,,,,,,,,,,,,,,,,,,,,,,,,,1,,,,
TB2B-19.7-37,,,,,,,1,,,,,,,,,,,,,,,,,,,,,,,,,,,,,,,,,,,,,,,,,,,,,,,,,,,,,,1,,1,,,,,,,,,,,,,,,,,,,,,,1,1,,,,,,,,,,,,,,,,,,,,,,,,,,,,,,,,,,,,,,,,,,,,,,,,,,,,,
TB2B-19.7-61,,,,,,,,,,,,,,,,,,,,,,,,,,,,,,,,,,,,,,,,,,,,,,,,,,,,,,,2,,,,,,,,2,,,1,,,,,,,,1,,,,,,,,,,,5,,,2,,,,,,,,,,,,,,,,,,,,,,,,,,,,,,,,,,,,,,,,,,,,,,,,,,,
TB2B-19.7-49,,,,,,,,,,,,,,,,,,,,,,,,,,,,,,,,,,,,,,,,,,,,,,,,,,,,,,,,,,,,,,,,,,,,,,,,,,,,,,,,,,,,,1,,,,,,,,,,,,,,,,,,,,,,,,,,,,,,,,,,,,,,,,,,,,,,,,,,,,,,
TB2B-19.7-96,,,,,,,,,,,,,,,,,6,,,,,,,,,1,,,,,,,,,,,,,,,,,,,,,,,,,,,,,,,,,,,1,,4,,,,,,,,,,1,1,,,,,,,,,,1,1,,,,,,,,,,,,,,,,,,,,,,,,,,,,,,,,,,,,,,,,,,,,,,,,,,,,,,
TB2B-19.7-54,,,,,,,,,,,,,,,,,,,,,,,,,,,,,,,,,,,,,,,,,,,,,,,,,,,,,,,,,,,,,,,1,,,2,,,,,,,,,1,,1,,1,,,2,,,2,,,,,,,,,1,,,,,,,,,,,,,,,,1,,,,,,,,,,,,,,,,,,,,,,,,,,,,,
TB2B-19.7-52,,,,,4,,,,,,,,,,,,,,,,,,,,,,,,,,,,,,,,,,,,,,,,,,,,,,,,,,1,,,,,,1,,4,,,,1,,,,,,,,2,,,,,1,,1,,,8,,,,,,,,,,,,,,,1,,,,1,,,,,,,,,,,,,,,,,,,,,,1,,,,,,,,,,,,,
TB2B-19.8-52,,,,,,,,,,,,,,,,,,,,,,,,,,,,,,,,,,,,,,,,,,,,,,,,,,,,,,,,,,,,,,1,,,,,,,1,,,,,,1,,,,,,,,,,6,1,,1,,,,,,,,,,,,,1,,,1,,,,,,,,,,,,,,,,,,,,,,,,,,,,,1,,1,,,,
TB2B-19.8-37,,,,,,,,,1,,,,,,,,,,,,,,,,,,,,,,,,,,,,,,,,,,,,,,,,,,,,,,,,,,,,,,1,,,,,,,,,,1,,,,,,,,,,,,,,,,,,,,,,,,,,,,1,,,,,,,,,,,,,,,,,,,,,,,,,,,,,,,,,,,,,,
TB2B-19.8-25,,,,,,,,,,,,,,,,,,,,,,,,,,,,,,1,,,,,,,,,,,,,,,,,,,,,,,1,,,,,,,,,,,,,,,,,,,,1,1,,,,,,,,,1,,,,,,,,,,,,,,,,,,1,,,,,,,,,,,,,,,,,,,,,,,,,,,,,,,,,,,,,,
TB2B-19.8-22,,,,,,,,,,,,,,,,,,,,,,,,,,,,,,,,4,,,,,,,,,,,,,,,,,,,,,,,,,,,,,,,2,1,,,,,,1,,,,,2,,,,,,,,,,3,,,,,,,,,,,,,,,1,2,,,,,,,,,,,,,,,,,,,,,,,,,,,,,,,,1,,,,,,
TB2B-19.8-27,,,,,,1,,,,1,,,,,,,,,,,,,,,,,,,,,,1,,3,,,,,,,,,,,,,,,,,,,,,,,,,,,,,1,,,,,,,,,,,,1,1,,,,,,,,,4,,,,,,,,,,,,,,,,1,,,1,,,,,,,,,,,,1,,,,,,,,,,2,,,,,,,,,,,,,
TB2B-19.8-35,,,,,,,,,,,,1,,,,,,,,,,,,,,,,,,,,,,,,,,,,,,,,,,,,,,,,,,,,,,,,1,,,2,,,,,,,,,,,,,,,,,,,,,1,6,,,,,,,,,,,,,,,,,,,,,,,,,,,,,,,,,,,,,,,,,1,,,,,,,,2,3,,,,
TB2B-19.8-32,,,,,,,,,,,,,,,,,,,,,,,,,,,,,,,,1,,,,,,,,,,,,,,,,,,,,,,,,,,,,,,,,,,,,,,,,,,,,,,,,,,,,,6,,,,,,,,,,,,,,,,1,,,,,,,,,,,,,,,,,,,,,,,,,,,,,,,,,1,,,,,
TB2B-19.8-28,,,,,,,,,,,,,,,,,,,,,,,,,,,,,,,,,,,,,,,,,,,,,,,,,,,,,,,,,,,,,,,,,,,,,,,,,,,1,,,,,,,,,,2,,,,,,,,,,,,,,,,1,,,,,,,,,,,,,,,,,,,,,,,,,,1,,,,,,,,,,,,
TB2B-19.8-3,,,,,,,,,,,1,,,,,,,,,,,,,,,,2,,,,1,,,,,,,,,,,,,,,,,,,,,,,,,,,,,,3,1,,,,,1,,,,,,,,1,,,,,,,,,,5,,,,,,,,,,,1,,,,1,,,,,,,,,,,,,,,,,,,,,,,,,,,,,,,,,,,,,,,
TB2B-19.8-19,,,,,,,,,,,1,,,,,,,,,,,,,,,,,,,,,,,7,,,,,,,,,,,,,,,,,,,,,,,,,,,,,,,,,,,,,,,,,,1,,,,,,,,,5,,,,,,,,,,,,,,,1,1,,,,,,,,,2,,,,,,4,,,,,2,,,,,,,,,,,,,1,,,,,
TB2B-19.8-6,,,,,,,,,1,,,,,,,,,,,,,,,,,,,,,,,,,,,,,,,,,,,,,,,,,,,,,,,,,,,,1,,,,,,,,,,,,,,,,,,,,,,1,,7,1,,,,,,,,,,,,,,,,,,,,,,,,,,,,,,,,,,,,,,,,,,,,,,,,,,,,,
TB2B-19.8-24,,,,,,,,,,,,,,,,,,,,,,,,,,,,,,,,,,,,,,,,,,,,,,,,,,,,,,,,,,,,,,,1,,,,,,,,,,,1,,,,,,,,,,,4,,,,,,,,,,,,,,,,,,,,,,,,,,,,,,,,,,,,,,,,,1,,,,,,,,1,,,,,
TB2B-19.8-10,,,,,1,,,,,,,,,,,,,,,,,,,,,,,,,,,,,,,,,,,,,,,,,,,,,,,,,,,,,,,,,,2,,,,,,,,,,,,,,,,,,,,,,5,,,,,,,,,,,,,,,,1,,,,1,,,,,,,,,,,,,,,,,,,,,,,,,,,,,,,,,,
TB2B-19.8-54,,,,,,,,,,,,,,,,,,,,,,,,,,,,,,,,,,2,,,,1,,,,,,,,,,,,,,,,,,,,,,2,3,,,,,,,,,1,,,1,1,1,,,,,,,,,,1,,,,,,,,,,,,,,,,,,,,,,,,,,,,,,,1,,,,,3,,,,,1,,,,,,,,,,,,,
TB2B-19.8-1,,,,,,,,,,,,,,,,,,,,,,,,,,,,,,,,,,,,,,,,,,,,,,,,,,,,,,,1,,,,,1,,,,,,,,,,,,,,,1,,,,,,,,,,4,,,,,,,,,,,,,,,1,,,,2,,,,,,,,,,,,,,,,,,,,,,,,,,,,,,,,,,,
TB2B-19.9-14,,,,,,,,,,,,,,,,,,,,,,,,,,,,,,,,,,,,,,,,,,,,,,,,,,,,,,,,,,,,,,,,,,,,,,,,,,,1,,1,,,,,1,,,7,,,,,,,,,,,,,,,,1,,,,,,,,,,,,,,,,,,,,,2,,,,,,,,,,,,,,,,,
TB2B-19.9-38,,,,,,,,,,,,,,,,,,,,,,,,,,,,,,,,,,,,,,,,,,,,,,,,,,,,,,,,,,,,,,,,,,,,,,,,,,,,,,,,,,,,,5,,,,,,,,,,,,,,,,1,,,,,,,,,,,,,,,,,,,,1,,,,,,,,,,,,,,,,,,
TB2B-19.9-6,,,,,,,,,,,,,,,,,,,,,,,,,,,,,,,,,,,,,,,,,,,,,,,,,,,,,,,,,,,,,1,,1,,,,,,,,,,1,,1,,,,,,,,,,1,,,,,,,,,,,,,,,1,,,,,,,1,,,,,,,,,,,,,,,1,,,,,,,,,,,,1,,,,,
TB2B-19.9-41,,,,,,,,,,,,,,,,,,,,,,,,,,,,,,,,,,,,,,,,,,,,,,,,,,,,,,,,,,,,,1,,2,,,,,,,,,,,,1,,,,,,,,,,1,,,,,,,,,,,,,,,,,,,1,,,,,,,,,,,,,,,,,,,,,,,,,,,,,,,,,,,
TB2B-19.9-22,,,,,,,,,,,,,,,,,,,,,,,,,,,,,,,,,,,,,,,,,,,,,,,,,,,,,,,,,,,,,,,,,,2,1,,1,1,,,,,1,,,,,,,,,,,,,,,,,,,,,,,,,,1,,,,,,,,,,,,,,,,,,,,,,,,,,,,,,,,,1,,,,,
TB2B-19.9-95,,,,,,,,,,,,,,,,,,,,,,,,,,,,,,,,,,,,,,,,,,,,,,,,,,,,,,,,,,,,,,,,,1,,,,,,,,,,1,,,,,,,1,,,8,,,,,,,,,,,,,,,,,,,1,,,,,,1,,,,,,,,,,,,,,,,,,,,,,,,,,,,,
TB2B-19.9-63,,,,,1,,,,,,,,,,,,,,,,,,,,,,,,,,,,,,,,,,,,,,,,,,,,,,,,,,,,,,,1,,,1,,,1,,,,,,,,,,,,,,,,,,,,,,,,,,,,,,,,,,1,1,,,,,,,,,,,,,,,,,,,,1,,,,,,,,,,,,,,,,,,
TB2B-19.9-77,,,,,,,,,,,,,,,,,,,,,,,,,,,,,,,,1,,,,,,,,,,,,,,,,,,,,,,,,,,,,,,,,,,,,,,,,,,,,,,,,,,,,,5,,,,,,,,,1,,,,,,,,,,,,,,,,,,,,,,,,,,,1,,,,,,,,,,,,,,,,,,
TB2B-19.9-65,,,,,,,,,,,1,,,,,,,,,,,,,,,,,,,,,,,,,,,,,,,,,,,,,,,,,,,,,,,,,,,,,,,,,,,,,,2,,1,,,,,,,,,,3,,,,,,,,,1,,,,,,,,,,,,,,,,,,,,,,,,,,,,,,,,,,,,,,,,,,,,,
TB2B-19.9-87,,,,,,,,,,,,,,,,,,,,,,,,,,,,,,,,,,,,,,,,,,,,,,,,,,,,,,,,,,,,,,,,,,,,,1,1,,,,,2,1,,,,,,,,,4,,,,,,,,,,,,,,,1,,,,1,,,,,,,,,,,,,,,,,,1,,,,,,,,,,,,,,,,,
TB2B-19.9-70,,,,,,1,,,,,,,,,,,,,,,,,,,1,,,,,,1,,,,,,,,,,,,,,,,,,,,,,,,,,,,,,2,,1,,1,,,,,1,,,1,,2,,,,,,,,,,3,,,,,,,,,,,,,,,,,,,1,,,,,,,,,,,,,,,,,1,,,,,,,,,,,,,2,,,,,
TB2B-19.11-5,,,,,,,,,,,,,,,,,,,,,,,,,,,,,,,,,,,,,,,,,,,,,,,,,,,,,,,,,,,,,1,1,,,,1,,,,,,,,,,,,,,,,,,,3,1,,,,,,,,,,,,,,,,,,1,,,,,,,,,,,,,,,,,,,,,,,,,,,,,,,,,,,
TB2B-19.11-41,,,,,,,,,,,,,,,,,1,,,,,,,,,,,,,,,1,,,,,,,,,,,,,,,,,,,,,,,,,,,1,,1,1,1,,,,,,,,,,1,,,,,,,,,,,,3,,,,,,,,,,,,,,,1,2,,,,1,,,,,1,,,,,,,,,,,,,,,,,,,,,,,,,,,,,
TB2B-19.11-3,,,,,,,,,,,,,,,,,,,,,,,,,,2,,,,,,,,,,,,,,,,,,,,,,,,,,,,,,,,,,,,,1,,1,,,,,,,,,,,,,,,,,,,,1,,,,,,,,,,,,,,,1,,,,,1,,,,,,,,,,,,1,,,,,,,,,,,,,,,,,,,,,,
TB2B-19.11-47,,,,,,,,,,,,,,,,,,,,,,,,,,,,,,,,,,,,,,,,,,,,,,,,,,,,,,,,,,,,,1,,,,,,,,,,,,,,3,,,,,,,1,,,3,,,,,,,,,,,,,,,,1,,,2,1,,,,,,,,,,,,,,,,,,,,,,,,,,,,,,,,,,
TB2B-19.11-18,,,,,,,,,,,,,,,,,,,,,,,,,,,1,,,2,,,,,,,,,,,,,,,,,,,,,,,,,,,,,,,,,1,,,,,,,,,,,,,,,,,,,,,,2,,,,,,,,,,,,,,,,1,,,,,,,,,,,,,,,,,,,,,,,,,,,,,,,,,,,,,,
TB2B-19.11-17,,,,,,,,,,,,,,,,,,,,,,,,,,,,,,,,,,,,,,,,,,,,,,,,,,,,,1,,,,,,,,1,,,,,1,,,,,,,1,1,,,,,1,,,,,,4,,,,,,,,,,,,,,,1,,,,,,,,,,,,,,,,,,,,,1,,,,,,,,,,,,,,,,,,
TB2B-19.11-45,,,,,,,,,,,,,,,,,,,,,,,,,,,,,,,,,,,,,,,,,,,,,,,,,,,,,,,,,,,,,1,,,,,,,,,,,,,,,,,,,,,,,,2,,,,,,,,,,,,,,,1,,,,1,,,,,,,,,,,,,,,,,1,,,,,,,,,,,,,,,,,,
TB2B-19.11-16,,,,,,,,,,,1,,,,,,,,,,,,,,,,,,,,,,,,,,,,,,,,,,,,,,,,,,,,,,,,,,,,1,,,,,,,,2,,,,,,,,,,,,,,4,1,,,1,1,,,,,,,,,,,2,,,,,,,,,,,,,,,,,,,,,,,,,,,,,,,,,,,,,,
TB2B-19.11-27,,,,,,,,,,,,,,,,,,,,,,,,,,2,,,,1,,,,,,,,,,,,,,,,,,,,,,,,,,2,,,,,,,1,,,,,,,,,,,,1,1,,,,,,,,,,,,,,,,2,,,,,,,,,1,,,1,,,,,,,,,,,,,83,,,,,,,3,,,,,,,,,,,,,,,
TB2B-19.11-14,,,,,,,,,,,,,,,,,,,,,,,,,,,,,,,,,,,,,,,,,,,,,,,,,,,,,,,,,,,,,,,,,,,,,,,,,,,,,,,,,,,,,,,,,,,,,,,,,,,,1,,,,1,2,,,,,,,,,,,,,,,,,,,,,,,,,,,,,,,,,,
TB2B-19.11-30,,,,,,,,,,,,,,,,,,,,,,,,,,,,,,,,2,,,,,,,,,,,,,,,,,,,,,,,,,,,,,,,2,,,,,,,,,,1,1,,,,,,1,,,,,1,,,,1,,,,,,,,,,,,1,,,1,,,,,,,,,,,,,,,,,,,,,,2,,,,,,,,,,,,,
TB2B-19.11-4,,,,,,,,,,,,,,,,,,,,,,,,,,,,,,,,,,,,,,,,,,,,,,,,,,,,,,,,,,,,,,,,,,,,,,,,,,,,,,,,,,,,,,,,,,,,,,1,,,,,,,,,,1,,,,,,,,,,,,,,,,,,,,,,,,,,,,,,,,,,,
TB2B-20.3-16,,,,,2,,,,,,,,,,,,7,,,,,,,,,,,,,1,,,,,,,,,,,,,,,,,,,,,,,,,1,,,,,3,1,1,6,,,,,,,,,,1,1,,,,,,,,,,,,1,,,,,,,,3,,1,,,,2,1,1,,2,,,8,,,,1,,,,,,3,,,,1,6,1,1,,,,,1,,,,,10,1,,,,
TB2B-20.3-3,,,,,,,,,,,,,,,,,,,,,1,,,,,,,,,4,,,,,,,,,,,,,,,,,,,,,,,,,,1,,,,2,1,1,6,,,3,,3,,,,,2,,,,1,,,,,,,,1,,,,,,,,,,,,,,,2,,,,2,1,,,,,,,,,,,,9,,,,1,2,,2,,,,,,,,,,16,1,,1,,
TB2B-20.3-30,,,,,,,,,,,,,,,,,,,,,,,1,1,,,,,,4,,,,,,,,,,1,,,,,,,,,,,,,,,,,,,,4,2,,1,,,1,,3,,,1,,1,,,,,,,,,,,,,,,,,1,,,,1,,1,,,,,2,1,,,1,,12,,,,,,,,,,,,,,1,12,,8,,,,,,,,,,9,4,,,,
TB2B-20.3-18,,,,,,,,,,,,,,,,,,,,,,,,,,,,,,9,,,,,,,,,,,,,,,,,,,,,,,,,,,,,,3,2,3,4,,1,,,3,,,,,1,,,,,1,1,,,,1,,1,,,,,,,,,1,,,,,,,,,,,1,1,2,,,,,,,,,,,1,,,2,,,3,,,,,,,,,,3,1,,2,,
TB2B-20.3-8,,,,,,1,,,,,,,,,,,,,,,1,,,,,,,,,5,,,,,,,,,,,,1,,,,,,,,,,,,,,,,,,3,,1,6,,,1,,3,,,,,4,,1,,1,,1,,,,1,,,,,,,,,,,1,,,,,,,,,,,,,1,,,,,,,,,,,,,,3,5,,6,,,,,,,,,,9,1,,1,,
TB2B-20.3-29,,,,,,,,,,,,,,,,,2,,,,1,,,,,,,,,3,,,,,,,,,,,,,,,,,,,,,,,,,,,,,,2,,6,1,,,3,,2,,,,,3,,2,,,,1,2,,,4,,2,,,,,1,,,,3,,,,,,,1,,,2,,,15,,,,,,,1,,,2,,,,3,5,,,,,,,,,,,,7,,,2,,
TB2B-20.3-32,,,,,,,,,,,,,,,,,3,,,,1,,,,,,,,,2,,,,,,,,,,,,,,,,,,,,,,,,,1,,,,,8,,,6,,,1,1,11,,,1,,,2,,,,,,,,,3,,1,,,,,,,,,2,,,,,,,1,1,,,1,,7,,,4,,,,,1,2,2,,,,,7,1,15,,1,,,,,,,,3,1,,,,
TB2B-20.3-38,,,,,,1,,,,,,,,,,2,,,,,,,,,,,,,,4,,,,,,,,,,,,,,,,,,,,,,,,,1,,,,1,5,,3,3,,,,,1,,,,,3,,,,,,,,,,,,2,,,,,,,,,1,,1,,,,3,,,,1,,,2,,,1,,,,,,,,,,,1,1,,1,,,,,,,,,,2,,,,,
TB2B-20.3-52,,,,,,,,,1,,,,,,,,1,,,,1,,,,,,,,,9,,,,,,,,,,,,,,,,,,,,,,,,,,,,,,3,,,3,,,1,,,,,,,1,,1,,,3,,,,,,,,,1,,,,,,,,,,,,,,1,,,,,,5,,,4,,,,,,1,,,,,1,,,1,,,,,,,,,,3,,,,,
TB2B-20.3-22,,,,,,,,,,,1,,,,,1,,,,,,,,1,,,,,,4,,,,,,,,3,,,,,,,,,,,,,,,,,,,,,,1,2,1,1,,,1,,,,,,,1,,,,,,,,,1,,,,,,,,,,,,1,,,,,,,2,,,,,,9,,,,1,,,,,,,,,,,1,,1,,,,,,,,,,,,,,,
TB2B-20.3-14,,,,,,1,,,,,,,,,,,,,,,,,,,,,,,,5,,,,,,,,,,,,,,,,,,,,,,,,,1,,,1,,5,1,1,2,,,,3,1,,,1,,,,,,,,2,,,,1,,,,,,,,,,,1,,1,,,,1,3,,,,,,4,,,1,,,,,,,,1,,,1,4,,3,,,,,,,,,,1,,,,,
TB2B-20.3-11,,,,,,,,,,,,,,,,,,,,,,,,1,,,,,,3,,,,,,,,,,,,,,,,,,,,,,,,,3,,,,,3,2,2,2,,,,,1,2,1,,,,,,,,,1,,,,1,,1,,,,,,,,,2,,,,,,1,2,,,,,,1,,,1,,,,,,,44,1,,,,2,1,80,,,,,,,,,,2,1,,,,
TB2B-20.3-51,,,,,1,1,,,,,,,,,,,,,,,,,,,,,,,1,2,,,,,,,,,,,,,,,,,,,,,,,,,,,,,,2,,4,4,,,2,1,,,,,,1,,,,,,,,,,1,,1,,,,,,,,,4,1,,,,,,1,,,,,,1,,,,,,,,,,,2,,,1,2,,3,,,,,,,,,,3,,,,,
TB2B-20.3-43,,,,,,1,,,,,,,,,,,,1,,,,,,,,,,,,12,,,,,,,,,,,,,,,,,,,,,,,,,,,,,,3,,4,2,,,1,1,3,,,,,,,,,,,2,,,,2,,,,,,,,,,,1,,,,,,1,2,,,,,,,,,,,,,,1,,3,,,,2,,,,,1,,,,,,,,3,,,,,
TB2B-20.3-55,,,,,,,,,,,,,,,,1,,,,,1,,,,,,,,,4,,,,1,,,,,,,,,,,,,,,,,,,,,1,,,1,1,4,,2,2,,,3,,,,,1,,2,,,,,,,,,,,,,1,,,,,,,,1,,,,,,,,,,1,,,1,,,,,,,,,,,,,,,2,2,3,,,,,,,,,,,,,,,
TB2B-20.3-10,1,,,,1,,,,,,,,,,,,,,,,,,1,1,,,,,,1,,,,,,,,,,,,,,,,,,,,,,,,,,,,,1,2,,2,7,,,1,1,1,,,,,5,1,,,7,,3,,,,1,,,,,,,1,,,,1,,,,,,,1,,,2,1,,1,,,,,,,,,,,,,,,2,,4,,,,,,,,,1,,,,,,
TB2B-20.5-41,2,,,,,,,,,,,,,,,1,,,,,,,,,,,,,,1,,,,,,,,,,,,,,,,,,,,,,,,,,,,,,,,,2,,,,,,,,,,,,,,,,,,,2,,,,,,,,,,,,1,,,,,,,,,,,,,,,,,,,,,,,,,,,,,,,,,,1,,,,,,,,,,,
TB2B-20.5-43,,,,,,,,,,,,,,,,,,,,,,,,,,,,,,,,,,,,,,,,,,,,,,,,,,,,,,,,,,,,,,2,7,,,,2,,,,,,1,,,,,,,,,,,,,,,,,,,,,,,,,,,,1,,,,,,1,,,,,,,,,,,,,,,,,,,,,,,,,,,,1,,,,
TB2B-20.5-45,1,,,,,,,,1,,,,,,,,,,,,,,,,,,,,,,,,,,,,,1,,,,,,,,,,,,,,,,,,,,,,1,1,1,2,,,,,,,,,,1,,1,,1,,1,1,,,,,,,,,,,,,,,,1,,,,2,,,,,,,,,,,,,,,,,,,,,,,,,,,,,,,,,,,,,,,
TB2B-20.5-19,,,,,,,,,,,,,,,,,,,,,,,,,,,,,,,,,,,,,,,,2,,,,,,,,,,,,,,,,,,,,,1,,6,,,,,,,,,,2,,,,1,,,,,,1,,,,,,,,,,,,,,,,,1,1,,,,,,,,,,,,,,,,,,,,,1,,,,,,,,,,,2,,,,,,
TB2B-20.5-9,,,,,,,,,,,,,1,,,,,,,,,,,,,,,,,4,,,,,,,,,,,,,,,,,,,,,,,,,,,,1,,,,3,4,,,2,,,,,,,3,,2,,,,,,1,,,,1,,,,,,,,,1,,,,,,,,,,,1,,,,,,,,,,,,,,,,,,,,,,,,,,,,1,,,,,,
TB2B-20.5-25,,,,,,,,,,,,,,,,,,,,,,,,,,,,,,3,,,1,,,,,,,1,,,,,,,,,,,,,,,,,,,1,2,1,,3,,,,,,,1,,,2,,,,2,,1,,,,,,,,,,,,,,,1,,,,,,,,,,1,,,1,,,,,,,,,,,,,,,,,,,,,,,,,,,,,,,,
TB2B-20.5-51,,,,,,,,,,,,,,,,,,,,,,,,,,,,,,2,,3,,,,,,,,,,,,,,,,,,,,,,,,,,,,,2,1,,,,,,,,,,,1,,,,,,1,,,,,,,,,,,,,,,,,,,,,,,,,,,,,,,,,,,,,,,,,,,,,,,,,,,,,,,,,,,,
TB2B-20.5-30,,,,,,,,,,,,,,,,,,,,,,,,,,,,,,,,,,,,,,,,,,,,,,,,,,,,,,,,,,,,,,4,3,,,,,,,,,,,,,,,,,,,,,,,,1,,,,,,,,,,,,,1,,,,,,,,,,,,,,,,,,,,,,,,,,,,,,,,,,,,,,,
TB2B-20.5-39,,,,,,,,,,,,,,,,,,,,,,,,,,,2,,,1,,,,,,,,,,,,,,,,,,,,,,,,,,,,,,,1,1,1,,,3,,,,,,,,1,,,,1,,,,,,,,,,,,,,,,,,1,,,,1,1,,,,,,,,,,,,,,,,,,,,,,,,,,,,,,,,,,,,,,
TB2B-20.5-13,1,,,,,,,,,,,,,,,,,,,,,,,,,,,,,,,,,,,,,,,,,,,,,,,,,,,,,,,,,,,1,,2,4,,,,,,,1,,,1,,,,,,,,,,,,,,,1,,,,,,,,,,,,1,,,,,1,,,,,,,,,,,1,,,,,,,,,,,,,,,,,,,,,,,
TB2B-20.5-5,,,,,,,,,,,,,,,,,,,,,,,,,,,,,,,,,,,,,,,,,,,,,,,,,,,,,,,,,,,,,1,1,,,,,,,,,,,,,,,,,,,,,,,,,,,,,,,,,,,,,,,1,,,,,,,,,,,,,,,,,,,,,,,,,,,,,,,,,,,,,,
TB2B-20.5-47,,,,,,,,,,,,,,,,,,,,,,,,,,,,,,,,,,,,,,,,,,,,,,,,,,,,,,,,,,,,,,,1,,,,,,,,,,1,,,,,,,,,,,,,,,,,,,,,,,,,,,,4,,,,,,,,,,,,,,,,,,,,,,,,,,,,,,,,,,,,,,
TB2B-20.5-6,,,,,,,,,,,,,,,,,,,,,,,,,,,,,,,,,,,,,,,,,,,,,,,,,,,,,,,,,,,,,1,,1,,,1,1,,,,,,,,,,,,,,,,,,,,,,,,,,,,,,,,,,,,,1,,,,,,,,,,,,,,,,,,,,,,,,,,,,,,,,,,,
TB2B-20.6-47,,,,,,,,,,,,,,,,,,,,,,,,,,,,,,7,,1,,,,,,,,2,,,,,,,,,,,1,,,,,2,,,,,3,4,10,,,,,,,,,,4,1,1,,,,2,1,,,,,,,,,,,,,,,,,,,,1,1,,,,,,,,,,,,,,,,,,,,,3,,,,1,,,,,,,,,,1,,,
TB2B-20.6-39,,,,,,,,,1,,,,,,,,,,,,,,,,,,,,,3,,,,,,,,,,,,,,,,,,,,,,,,,,,,,,,,4,5,,,1,2,,,,,,1,3,2,,,,1,,,,,,,,,,,,,,,,,,,,,,2,,,3,,,,,,,,,,,,,,,,,,,,,,,,,,,,,1,,,,,,
TB2B-20.6-37,,,,,,,,,,,,,,,,,3,,,,,,,,,,,,,8,,1,,,,,,,,2,,,,,,,,,,,,,,,,,,,,,1,,1,,,,,,,,,,3,1,1,,,,,,,,,,,,,,,,,,,,,,,,,,,,,1,,,,,,,,,,,,,,,,,,,,,,,,,,,,,,1,1,,,,
TB2B-20.6-87,,,,,,,1,,,,,,,,,,,,,,,,,,,,,,,1,,,,,,,,,,2,,,,,,,,,,,,,,,,,,,,,1,1,6,,,,,,,,,,2,,,,,,,,,,,,,,,,,,,,,,,,,,,1,,,,,,,,,,,,,,,,,,,,,,1,,,,,,,,,,,1,,2,,,,
TB2B-20.6-74,,,,,,,1,,,,,,,,,,,,,,,,,,,,,,,1,,,,,,,,,,,,,,,,,,,,,,,,,,2,,,,,1,3,2,,,,,,,,,,3,,1,,1,,,2,,,,,1,,,,,,,,,,,,,,,,2,,,,,,5,,,,,,,,,,,,,,,,,,,,,,,,,,,,2,,,,
TB2B-20.6-24,,,,,,,,,,,,,,,,,,,,,,,,,,,,,,1,,,,,,,,,,,,,,,,,,,,,,,,,,,,,,,,3,5,,,,,,,1,,,1,,,,,,1,,,,,,,,1,,,,,,,,,,,,,1,2,,,,,,,,,,,,,,,,,,,,,,,,,1,,,,,,,,,,,,,
TB2B-20.6-1,,,,,,,,,,,,,,,,,,,,,,,,,,,,,,1,,,,,,,,,,2,,,,,,,,,,,,,,,,,,,,,,2,7,,,,,,,,,,3,,2,,1,,,,,,,,,,,,,,,,,,,,,,,,,,,2,,,2,,,1,,,,,,1,,,,,,1,,,,,,,,,,,1,,,,,,
TB2B-20.6-7,,,,,,,,,,,,,,,,,,,,,,,,,,,,,,8,,1,,,,,,,,,,,,,,,,,,,,,,,,,,,,,,,1,,,,,,,,,,,,,,,,,,,,,,,,,,,,,,,,,,,,,1,,,,,,,,,,,,,,,,,,,,,,,,,,,,,,,,,,,,,,,
TB2B-20.6-59,,,,,,,,,,,,,,,,,,,,,,,,,,,,,,1,,,,,,,,,,,,,,,1,,,,,,,,,,,,,,,,1,2,2,,,,,1,,,,,2,,1,,2,,1,,,,,,1,,,,,,,,,,,,,,,,,,,,,,,,,,,,,,,,,,,,,,,,,,,,,,,,2,1,2,,,,
TB2B-20.6-73,1,1,,,,,,,,,,,,,,,,,,,,,,,,,,,,11,,,,,,,,,,1,,,,,,,,,,,,,,,,,,,,,,2,1,,,,,,,,,,2,,,,5,,,,,,,,1,,,,,,,,,,,,,,,,,,,,,,9,,,,,,,,,,,2,,,,,,,,,,,,,,,1,,1,,,,
TB2B-20.6-61,,,,,,,,,,,,,,,,,,,,,,,,,,,,,,11,,1,,,,,,,,3,,,,,,,,,,,,,,,,,,,,,1,4,4,,,,,,,,,,1,,,,,,,,,,,,1,,,1,,,,,,,,,,,,,,,,,,,6,,,,,,,,,,,2,,,,,,,,,,,,,,,,,2,,,,
TB2B-20.6-33,,,,,,,,,,,,,,,,,,,,,,,,,,,,,,,,,,,,,,,,1,,,,,1,,,,,,,,,,,,,,,,,2,4,,,,,,,,,,2,,,,,,,,,,,,,,,,,,,,,,,,,,,,,,,,,,,,,,,,,,,,,,,,,,,,,,,,,,,,2,,,1,,,
TB2B-20.6-40,,,,,,,,,,,,,,,,,,,,,,,,,,,,,,,,1,,,,,,,,2,,,,,,,,,,,,,,,,1,,,,,3,3,6,,,,,,,1,,,4,,1,,,,,,,,,,,,,,,,,,,,,,,,,1,2,,,,,,,,,,,,,,,,,,,,1,1,,,,,,,,,,,,,1,1,,,
TB2B-20.6-25,,,,,,,,,,,,,,,,,,,,,,,,,,,,,,,,,,,,,,,,1,,,,,,,,,,,,,,,,1,,,,,,5,3,,,,,,,,,,2,,,,1,,,,,,,,1,,,,,,,,,,,1,,,,,,,,,,,,,,,,,,,,,,,,,,,,,,1,,,,,,,,,1,,,,
TB2B-20.6-6,,,,,,,,,,,,,,,,,,,,,,,,,,,,,,,1,,,,,,,,,3,,,,,,,,,,,,,,,,,,,,,1,3,2,,,,3,,,,,,,,,,1,,,,,,,,2,,,,,,,,,,,,,,,1,1,,,,,,,,,,,,,,,,,,,,2,1,,,,,,,,,,,,,1,,,,
TB2B-20.6-19,,,,,,,1,,,,,,,,,,,,,,,,,,,,,,,,,,,,,,,,,1,,,,,1,,,,,,,,,,,,,,,1,,1,2,,,,2,,,,,,3,1,,,,,,,,,,,,,,,,,,,,,,,,,,1,,,,,,,,,,,,,,,,,,,,,,,,,,3,,,,,,,,,,,,,
TB2B-20.8-31,,,,,,,,1,,,,,,,,,1,,,,,,,,,,,,,2,,2,,,,,,,,,,,,,,,,,,,,,,,,,,,,,,2,4,,,,1,,,,,,1,,1,,,,,,,2,,,,,,1,,,,,,,,,,,,2,1,,,1,,,,,,,,,,,,,,,,,,1,,,,,,,,,,,,,,,,,
TB2B-20.8-45,,,,,,,,,,,,,,,,,1,,,,,,,,,,,,,1,,1,,,,,,,,,,,,,,,,,,,,,,,,,,,1,,,4,1,,,,,,,,,,,,1,,,,,,,,,,,,,,,,,,,,,,,,,,,,,,,,,,,,,,,,,,,,,,1,,,,,,,,,,,,,,,,,,
TB2B-20.8-41,,,,,,,,,,,,,,,,,,,,,,,,,,,,,,,,1,,,,,,,,,,,,,,,,,,,,,,,,,,,,,,1,3,,,,,,,,,1,1,,,,,,,,,,,,,,,,,,,,,,,,,,,1,,,,,,,,,,,,,,,,,,,,,,,,,,,,,,1,,,,,,,,,
TB2B-20.8-24,,,,,,,,,,,,,,,,,,,,,,,,,,,,,,1,,,,,,1,,,,,,,,,,,,,,,,,,,,,,,,,1,6,1,,,,,2,,,,1,1,,,,1,,5,,,,1,,,,,,,,,,,,,,,,,2,,,,1,,,1,,,,,,,,,,,,,,1,,,,,,,,,,,,,,,,,,
TB2B-20.8-4,,,,,,,,,,,,,,,,,3,,,,,,,,,,,,,1,,1,,,,,,,,,,,,,,,,,,,,,,,,,,,,,,2,2,,,2,,1,,1,,,1,1,,,,,6,,,,,,,,1,,,,,,,,,,,,,2,,,,1,,,,,,,,,,,,,,,,,,,,,,,,,,,,,,,1,,,,
TB2B-20.8-39,,,,,,,,,,,,,,,,,1,,,,,,,,,,,,,1,,,,,,,,,,,,,,,,,,,,,,,1,,,,,,,,2,3,6,,1,,,,,1,,,,2,1,,,,2,,,,,,1,1,,,,,,,,,,,,,,1,,1,,,,,,,,,,,,,,,,,,,,,,,,,,,,,,,,,,,,,
TB2B-20.8-11,,,,,1,,,,,,,,,,,,,,,,,,,,,,,,,,,,,,,,,,,,,,,,,,,,,,,,,,,,,,,,,3,1,,,1,,,,,,,,,,,1,,2,,,,,,,,2,,,,,,,,,,,,,1,2,,,,,,,,,,,,,,,,,,,,,,,,,,,,,,,,,,,,,,
TB2B-20.8-5,,,,,,,,,,,,,,,,,1,,,,,,,,,,,,,1,,2,,,,,,,,,,,,,,,,,,,,,,,,,,,,,1,,3,,,,,,,,,,,1,,,,,3,,,,2,,,,1,,,,,,,,,,,,,,4,,,,,,2,,,,,,,,,,,,,,,,,,,,,,,,,,,,,,,,
TB2B-20.8-21,,,,,,,,,,,,,,,,,2,,,,,,,,,,,,,,2,,,,,,,,,,,,,,,,,,,,,,,,,,,,,,2,2,3,,,,,,,,,,,,,,,,2,,,,1,,1,,,,,,,,1,,,1,,,,,2,,,1,,,1,,,,,,,,,,,,,,,,,,,,,,,,,,,,,,,,
TB2B-20.8-10,,,,,,,,,,,,,,,,,,,,,,,,,,,,,,,,1,,,,,,,,,,,,,,,,,,,,,,,,,,,,,,1,2,,,,,,,,,,,,,,,,,,,,,,,,,,,,,,,,,1,,,,,3,,,1,,,,,,,,,,,,,,,,,,,,,,,,,,,,,,,,,,,
TB2B-20.8-19,,,,,,,,,,,1,,,,,,1,,,,,,,,,,,,,7,,,,,,,,,,,,,,,,,,,,,,,,,,,,,,1,1,1,3,,,2,,,,,,,,,1,,,,,,,,,,,,,,,,,,,,,,,,,1,1,,,1,1,,1,,,,,,,,,,,,,,,,,,,1,,,,,,,,1,,,,,
TB2B-20.8.2-56,,,,,,,,,,,,,,,,,,,,,,,,,,,,,,,,,,,,,,,,,,,,,,,,,,,,,,,,,,,,,,5,1,,,,,,,,,,1,,1,,,,,,,,,,,,,,,,,,,,,,,,,,2,,,,,,,,,,,,,,,,,,,,,,,,,,,,,,,,,,,,,,
TB2B-20.8.2-20,,,,,,,,,,,,,,,,,,,,,,,,,,,,,,3,,,,,,,,,,,,,,,,,,,,,,,,,,,,,,,,2,3,,,,,,,,,,1,,1,,2,,,,,,1,,,,,,,,,,,,,,,,,1,,,,,,,3,,,,,,,,,,,,,,,,,,,,,,,,,,,,,,,,
TB2B-20.8.2-25,1,,,,1,,,,,,,,,,,,,,,,,,,,,,,,,2,,,,,,,,,,,,,,,,,,,,,,,,1,,,,,,,,3,4,,,,,,,,,,,,,,,,,,,,,,,,,,,,,,,,,1,,,,,1,,,,,,1,,,,,,,,,,,,,,,,,,,,,,,,,,,,,,,,
TB2B-20.8.2-33,,,,,,,,,,,,,,,,,,,,,,,,,,,,,,,,1,,,,,,,,,,,,,,,,,,,,,,1,,,,,,,,4,4,,,,,,,,,,4,,,,,,2,,,,,,3,1,,,,,,,,,,,,,,,1,,,,,,,,,,,,,,,,,,,,,,,,,,,,,,,,,,,,,,
TB2B-20.8.2-24,,,,,,,,,,,,,,,,,,,,,,,,,,,,,,,,,,,,,,,,,,,,,,,,,,,,,,,,,,,,,,5,4,,1,,,,,,,,2,,,,,,,,,,,,,,,,,,,,,,,,,,,,,,,,,,,,,,,,,,,,,,,,,,,,,,,,,,,,,,,1,,,
TB2B-20.8.2-30,,,,,,1,,,,,,,,,,,,,,,,,,,,,,,,,,,,,,,,,,,,,,,,,,,,,,,1,,,,,,,,,,1,,,,,,,,,,,1,1,,1,,,,,,,,,,,,,,,,,,,,,,,2,1,,,,,,,,,,,,,,,,,,,,,,,,,,,,,,,,,,,2,,,
TB2B-20.8.2-3,,,,,,1,,,,,,,,,,,,,,,,,,,,,,,,,,,,,,,,,,,,,,,,,,,,,,,,,,,,,,,,4,4,,,,,,,,,,1,,1,,,,,1,,,,,,,,,,,,,,,,,,,,1,,,,1,,,,,,,,,,,,,,,,,,,,,,,,,,,,,,,,,,,
TB2B-20.8.2-35,,,,,,,,,,,,,,,,,3,,,,,,,,,,,,,,,,,,,,,,,,,,,,,,,,,,,,,1,,,,,1,,,1,2,,,,,,,,,,1,,1,,,,,,,,,,,1,,,,,,,,1,,,,,,2,1,,,,,,,,,,,,,,,,,,,,,,,,,,,,,,,,,,,,,,
TB2B-20.8.2-42,,,,,,,,,,,,,,,,,,,,,,,,,,,,,,,,,,,,,,,,,,,,,,,,,,,,,,1,,,,,,,,2,2,,,,,,,1,,,,,2,,,,,,,,,,,,,,,,,,,,,,,,,,,,,1,,,,,,,,,,,,,,,,,,,,,,,,,,,,,,,,,,,
TB2B-20.8.2-6,,,,,,,,,,,,,,,,,,,,,,,,,,,,,,,,,,,,,,,,,,,,,,,,,,,,,,,,,,,,,1,1,4,,,,,,,,,,,,1,,,,,,,,,,,,,,,,,,,,,,,,,,,,,,,,,,,,,,,,,,,,,,,,,,,,,,,,,,,,,,,,
TB2B-20.8.2-28,,,,,,14,,,,,,,,,,,,,,,,,,,,,,,,2,,1,,,,,,,,,,,,,,,,,,,,,1,1,,,,1,1,1,,,3,,,,,,,,,,2,2,1,1,,,,1,,,,,1,,,,,,,,,,,,,,,,,,,,,,,,,,,,,,,,,,,,,,,,,,,,,,,,,,,,,,
TB2B-20.8.2-52,,,,,,,,,,,,,,,,,3,,,,,,,,,,,,,,,,,,,,,,,,,,,,,,,,,,,,,,,,,,,,1,,2,,,,,,,1,,,,,,,14,,,,,,2,,3,,,,,,,,,,,,,,,,,,,1,,,,,,,,,,,,,,1,,,,1,,,,,,,,,,,,,,,,,
TB2B-20.8.2-22,,,,,,,,,,,,,,,,,,,,,,,,,,,,,,1,,,,,,,,,,,,,,,,,,,,,,,,,,,,,,,,4,1,,,,,,,,,,,,1,,,,,,,,,,1,,,,,,,,,,,,,,,,,,,,,,1,,,,,,,,,,,,,,,,,,,,,,,,,,,,,,,,
TB2B-20.8.2-7,,,,,,2,,,,,,,,,,,,,,,,,,,,,,,,,,1,,,,,,,,,,,,,,,,,,,,,,,,,,,,,,1,,,,,,,,,,,3,,,,,,,,,,,,1,,,,,,,,,,,,,,,,2,,,1,,,,,,,,,,,,,,,,,,,,,,,,,,,,,,,,,,,
TB2B-20.12-19,,,,,,,,,,,,,,,,,,,,,1,,,,,,,,,,2,,,,,,,,,,,,,,,,,,,,,,,,,,,,1,,1,4,,,,,,,,,,,2,,,,1,,3,,,,,,,,,1,,,,,,,,,,,,1,,,,,,,,,,,,,,,,,,,,,,,,,,,,,,,,,,,,,,,
TB2B-20.12-48,,,,,,,,,,,,,,,,,,,,,1,,,,,,,,1,1,1,,,,,,,,,,,,,,,,,,,,,,,,,,,,,,,3,,,,,,,,,,,1,,,,,,,,,,,,,,,,,,,,,,,,,,,1,,,,,,,,,,,,,,,,,,,,,,,,,,1,,,,,,,,,,,,,
TB2B-20.12-6,,,,,,,,,,,,,,,,,,,,,1,,,,,,,,,,,,,,,,,,,1,,,,,,,,,,,,,,,,,,,,,,3,,,,,,,,,,,2,,,,,,1,,,,,,1,,,,,,,,,,,,,,,,,,,,,,,,,,,,,,,,,,,,,,,,,,,,,,,,,,,,,,
TB2B-20.12-13,,,,,,,,,,,,,,,,,,,,,,,,,,,,,,,,,,,,,,,,,,,,,,,,,,,,,,,,,,,1,,2,,,,,,1,,,,,,1,,,,,,1,,,,,,2,,,,,,,,,,,,,,,4,1,,,1,1,,,,,,,,,1,,,,,,,,,,,,,,,,,,,,,,,,,
TB2B-20.12-62,,,,,,,,,,,,,,,,,,,,,,,,,,,,,,,,,,,,,,,,,,,,,,,,,,,,,,,,,,,,,2,1,,,,,,,,,,,,,,,,,,,,,,,,,,,,,,,,,,,,,,,4,,,4,,,,,,,,,,,,,,,,,,,,,,,,,,,,,,,,,,,
TB2B-20.12-52,,,,,1,,,,,,1,3,,,,,,,,,,,,,,,,,,,,,,,,,,,,,,,,,,,,,,,,,,,,,,,,,,5,,,,,1,,,1,,,,,,,,,1,,,,,,,,,,,,,,,,,,,,,1,,2,,1,,,,,,,,,,,,,,,,,1,1,,,,,,,,,,,,,,,,,
TB2B-20.12-92,,1,,,,1,,,,,,,1,,,,3,,,,,,,,,,,,,,1,,,,,,,,,,,,,,,,,,,,,,,,,,,,,,,7,,,,4,,,,,,,,,,,,,1,,,1,1,,,,,1,,,,,,,,,,,,,,3,,1,,,,,,2,,,,,,,,,,,,2,,,,,,,,,,,,,,,,,1
TB2B-20.12-60,,,,,,,,,,,,3,,,,,,,,,,,,,,,,,,,,,,,,,,,,,,,,,,,,,,,,,,,,,,,,,,3,2,,,2,,,,2,,,1,,,,,,3,,,,,,,,1,1,,,,,,,,,,,,,,,,,,,1,,,,,,,,,,,,,,,1,,,,,,,,,,,,,1,,,,
TB2B-20.12-77,,,,,,,,,,,,,,,,,,,,,,,,,,,,,,,,,,,,,,,,,,,,,,,,,,,,,,,,,,,1,,1,2,2,,,,1,,,,,,2,,,,,,1,,,,1,,,,,,,,,,,,,,,,,1,1,,,,,,,,,,,,,,,,,,,,,,,,,,,,,,,,,,,,,,
TB2B-20.12-49,,,,,,,,,,,,,,,,,,,,,,,,,,,,,,,,,,,,,,,,,,,,,,,,,,,,,,,,,,,,,,3,2,,,,,,,,,,1,,,,,,,,,,1,,,,,,,,,,,,,,,,,,,,,1,,,,,,1,,,,,,,,,,,,,,,,,,,,,,,,1,,,,,
TB2B-20.12-93,,,,,,,,,,,,,,,,,,,,,,,,,,,,,,,,,,1,,,,2,,,,,,,,,,,,,,,,,,,,,,,2,1,1,,,2,,,,,,,1,,,,,,,1,,,3,,1,,,1,,,,,,,,,,,,,2,1,,,2,,,,,,,,,,,,,,,,,,,,,,,,,,,,,,,,,,
TB2B-20.12-96,,,,,,,,,,,,,,,,,,,,,,,,,,,,,,1,,,,,,,,,,,,,,,,1,,,,,,,,,,,,,,,,4,,,,,,,,,,,,,,,,,,,,,,,,,,,,,,1,,,,,,,,1,2,,,1,,,,,,,,,,,,,,,,,,,,,,,,,,,,,,,,,,,
TB2B-20.12-61,,,,,,,,,,,,,,,,,,,,,,,,,,,,,,1,,,,,,,,,,,,,,,,,,,,,,,,,,,,,,,2,3,,,,1,,,,,,,,,,,,,,,,,1,,,,,,,,,,,,,,,,,2,3,,,,,,,,,,,,,,,,,,,,,,,,,,,,,,,,,,1,,,,
TB2B-20.12-72,,,,,,,,,,,,,,,,,,,,,,,,,,,,,,,1,,,,,,,,,,,,,,,,,,,,,,,,,,,,,,,2,,,,,,,,,,,,,,,2,,3,,,,,,,,,,,,,,,,,,,,,1,,1,,,,,,,,,,,,,,,,,,,1,,,,,,,,,,,,,,,,,,
TB2B-21.2-29,2,3,,,1,6,,,,,,5,1,,,,,,,,,,,,,,,,,,3,,,,,,,,,,,1,1,,,,,,,,,,,,,,,,,,,14,,,1,3,2,,1,,,,1,,,,1,,7,,,,1,,,,,,,,,,,,,1,,,,1,2,,,,1,,,,,1,,,,,,,1,,,,1,,,,,,,,,,,,,,1,,,,
TB2B-21.2-13,2,,,,4,8,,,,,,,,,,,,,,,,,,,,,,,,1,2,,,,,,,,,,1,,,,,,,,,,,,,,,,,,,1,,8,1,,,2,1,,,,,,,,1,,4,,,,,,1,,1,,,,,,,,,,,,,,,,,,,,1,,4,,,7,,,,,,,,3,,,,,,,,,,,,,,,,,,,,,
TB2B-21.2-47,,,,,1,,,,,,,4,,,,,,,,,,,,,,,,,,1,4,,,,,,,,,,,,,,,,,,,,,,,,,,1,,,,,2,,,,1,4,,,,,,1,,,,,,,,,,1,,,,,,,,,,,,,,,,,1,3,,,1,,,1,,,4,,,,,,,,,,,,,1,,,,,,,,,,,1,,,,,
TB2B-21.2-9,,1,,,,8,,,,,,1,,,,,2,,,,,,,,,,,,,,2,,,,,,,,,,,,,,,,,,,,,,,,1,,,,,2,,15,2,,,1,3,,,,,2,,,,,3,,6,,,,2,,,,,,,,,,,,,,,,,1,2,,,,,,2,,,8,,,,,,,,,,1,,,,,,,,,,,,,,1,,,,,
TB2B-21.2-16,,,,,2,4,,,,,,,,,,,,,,,1,,,,,,,,,1,2,,,,,,,,,,,,,,,,,,,,,,,,,,,,,2,,6,,,,,2,,,,,,,,,,,,1,,,,2,,2,,,,,,,,,,,,,,,,3,,,1,1,,,,,,,,,,,,,,,,,,,,,,,,,,,,,,,,,,
TB2B-21.2-24,,,,,2,4,,,,,2,4,,,,,,,,,,,,,,,,,,,6,,,,,,,,,,,,,,,,,,,,,,,,,,,,,,,17,,,,,5,,,,,,,,,,,,12,,,,3,,2,,,,,,,,,,,,,,,,3,,,3,1,,,,,2,,,,,,,,,,,,,,,,,,,,,,,,1,,,,,
TB2B-21.2-19,1,,,,1,2,,,,,,,,,,,,,,,,,,,,,,,,,,,,,,,,,,,,,,,,,,,,,,,,,,,,,,,,3,,,,,,,,,,,,,,,,,,,,,,,,,1,,,,,,,,,,,,,,2,,,1,1,,1,,,3,,,,,,,,,,,,,,,,,,,,,,,,,,,,,
TB2B-21.2-8,,,,,1,12,,,,,,2,,,,,2,,,,,2,,,3,,,,,,1,,,,,,,,,,,,1,,,,,,,,,,,,,,,,1,4,,5,1,,,3,6,,,,,,4,,,,3,,,,,,2,,,,,,,,,,,,,1,,,,1,1,,,2,,,,1,,,,,,1,,,,,,,,,,,,,,,,,,,,,,,,,
TB2B-21.2-92,,,1,1,7,1,2,,,,16,,,,,,,1,,,,,,1,,1,,,,2,,,,,,,,,,,,,,1,,,,,,,,,,,,,,,,1,,6,1,,,1,2,,,,,,,,,,,,1,,,1,2,,,,,,,,,,,,,,,,,,,1,,,3,,,,,3,,,,,,,,1,,,,1,,,,,,,,,,,,,,,,,
TB2B-21.2-27,2,,,,5,1,,,,,1,2,,,,,,,,,,,,,,,,,,,2,,,,,,,1,,,,,,,,,,,,,,,,,,,,,,2,,3,,,,,3,,,,,,,,,,,,,,,,,,1,,,1,,,,,,,,,,,,1,,,,1,,,,,,,,,,,,,,,,,,1,,,,,,,,,,,,1,,,,,
TB2B-21.2-72,,,,,2,2,,,,,14,1,,,,1,7,,,,,2,1,,,1,,,,,6,,,,,,,,,,,,,,,,,,,,,,,,,,1,,,1,2,14,,,,4,4,,,1,,,3,,,,3,,1,,,,3,,,2,,,,,,,,,,,,,,1,2,1,,7,1,,,,,,,,1,1,,,,4,,,,1,,,,,,,,,,,,1,,,,,
TB2B-21.2-18,,,,,,2,,,,,1,7,,,,,3,,,,,,,,,,,,,,2,,,,,,,,,,,,,,,,,,,,,,,,,,,,,4,3,14,1,,1,2,8,,,1,,,,,,,2,,,,,1,4,,,,,1,,,,,,,,,,,,,1,,,2,,,,,,,,,,,,,,,,,1,2,,1,,,,,,,,,,1,,,1,,
TB2B-21.2-20,,,,,1,,,,,,,1,,,,,,,,,,,,,,,,,,,,,,,,,,,,,,,,,,,,,,,,,,,,,,,,,,4,,,,2,,,,,,,,,,,1,,,,,2,5,,1,,,,,,,,,,,1,,,,2,,,,,2,,,,,,,,,,,,,,,,,1,,,,,,,,,,,,,,,,,
TB2B-21.5-45,,,,,1,3,,,,,,1,,,,,,,,1,,,,,,,,,,,,,,,,,,,,,,,,,,,,,,,,,,,,,,,,,,3,3,,,,1,,,,,,,,,,,,,,,,,,,,,,,,,,,,,,,,,,1,,,1,,,1,,,3,,,,,,,,,,,,1,,,,,,,,,,,,2,4,,,,
TB2B-21.5-48,,,,,,,,,,,3,,,,,,,,,,,,,,,,,,,,,,1,,,,,,,,,,,,,,,,,,,,,,,,,,1,,1,8,1,,,1,3,,,,,,,,,,,,,,,,3,,,,,1,,,,,,,,,,,,,3,,,,,,,,,,,,1,,,,,,,,,,,,,,,,,,,,,1,1,,,,
TB2B-21.5-22,,,,,,,3,,,,4,3,,,,,,,,,,,,,,,,,,,,,,,,,,,,,,,,,,,,,,,,,,,,,,,,,,3,8,,,,2,,,,,,,1,1,,,,,,,,,,,,,,,,,,1,,,,,,,,1,,,2,,,,,,3,,,,,,,,,,,,5,,,,,,,,,,,,,1,,,,
TB2B-21.5-72,,,,,,,,,,,2,,,,,,1,,,,,,,,,,,,,,,,2,,,,,,,,,,,,,,,,,,,,,,,,,,,,1,2,1,,,,,,,,,,,,,,,,,,,,3,,,,,,,,,,,,,2,,,,2,,,,1,,,,1,,,,,,,,,,,,,,4,,,,,,,,,,,,,1,,,,
TB2B-21.5-54,2,1,,,,,,,2,,3,2,,,,,1,,,,,,,,,,,,,,1,2,1,,,,,,,,,,,,,,,,,,,,,,,,,,,1,1,1,1,,,1,,,,,,,,,,,,,,,,,1,,,,,,,,,,,,,,,,,,,,,,,,,,,,,,,,,,,,,,,6,,,,,,,,,,,3,,10,,,,
TB2B-21.5-5,,,,,,,,,,,2,3,,,,,3,,,,,,,,,,,,,,1,,,,,,,,,,,,1,,,,,,,,,,,,,,,,1,,1,8,1,,,2,3,,,,,,3,,,,,,,,,,1,,,,2,,,,,,,,,,,,,,,,,1,,,,,,,,,,,,,,,,,,3,,,,,,,,,,,1,,2,,,,
TB2B-21.5-59,2,3,,,,,,,,,7,,,,,,,,,,,,,,,,,,,,1,,,,,,,,,,,,,,,,,,,,,,,,,,,,,1,2,6,,,,,7,,,2,,,,,,,,,,,,,1,,,,,,,,,,,,,,,,,,1,,,,1,,,,,2,,,,,,,,,,,,,,,,,,,,,,,,,2,,,,
TB2B-21.5-9,,,,,,,,,,,1,,,,,,,,,,,,,1,,2,,,,,5,,,,,,,,,1,,,,1,,,,,,,,,,,,,,,,3,2,11,1,,,2,4,1,,,,,1,1,,,2,,1,,,,2,,,,,1,,,,,1,,,,,,,1,,,,1,,,5,,,,,,,,,,,2,,,,12,,,,2,,,,,,,2,4,1,,,,
TB2B-21.5-37,1,,,,,5,,,,,,4,,,,,,,,,,,,,,,,,,,2,,,,,,,,,,,,,,,,,,,,,,,,,,,,,,,7,7,,,2,2,,,1,,,,,,,,,,,,,1,,,,,,,,,,,,,,,,,2,,,,1,1,,,,,,,,,,,,,,,,,9,,,,,,,,,,,2,2,,,,,
TB2B-21.5-11,,,,,,,1,,,,,2,,,,,,,,,,,,,,,,,,2,3,1,,,,,1,,,,,,,,,,,,,,,1,,,,,,,,,,,3,,,,3,,,,,,1,,,,,,,,,,,,,,,,,,,,,,,1,,,,2,1,1,,,1,,3,,,,,,,,,,,,,,,5,1,,,,,,,,,,,,4,,,,
TB2B-21.5-52,,,,,,,,,,,1,2,,,,,,,,,,,,,,,,,,7,1,,1,,,,,1,,,,,,,,,,,,,,,,,,,,,,,,6,6,,,3,3,,,,,,1,,,,,,2,,,,1,,,,,,,,,,,,,,,,,1,2,,,2,,,2,,,2,,,,,,,,,,,1,10,,,,,,,,,,,,,,,,,
TB2B-21.5-13,2,,,,1,2,,,,,,,,,,,,,,,,,,,,,,,,2,1,,,,,,,,,,,,,,,,,,,,,,,,,,,,,,2,4,7,,,,,,,1,,,,,1,,,,6,,,,3,,,,,,,,,,,,,,,,,,1,,,2,,,5,,,3,,,,,,,,,,,,,,,,,,,,,,,,,,,,,
TB2B-21.5-6,,,,,1,1,3,,,,,2,,,,,,,,,,,,,,,,,,,2,,,,,,,,,,,,,2,,,,,,,,,,,,,,,,,1,4,6,,,1,4,,,,,,1,,,,,,,,,,3,,,,,,,,,,1,,,,,,,,1,,,,,,,,,,,,,,,,,,,,,2,,,,,,,,,,,1,,,,,,
TB2B-21.5-43,,,,,,,,,,,,2,,,,,,,,,,2,,,,,,,,3,2,,,,,,,,,,,,,,,,,,,,,,,,,,,,,,,4,,,,1,1,,,,,,,,1,,,,,,,,1,,,,,,,,,,,,,,,,,,1,,,,,,,,,,,,,,,,,,,,,3,,,,,,,,,,,,,2,,,,
TB2B-21.7-100,,,,,,,,,,,,,,,,,,,,,,,,,,,,,,2,,2,,,,,,,,,,,,,,,,,,,,,,,,,,,,1,2,1,1,,,,,,,,,,1,,,,,,1,,,,4,,,,,1,,,,,,,,,,,,1,,,,,,,1,,,,,,,,,,2,,,,,,,,,,,,,,,,,,1,,,,
TB2B-21.7-50,1,,,,,1,,,,,,,,,,,,,,,,,,,,,,,,,1,,,,,,,,,,,,,,,,,,,,,,,,,,,,,,,8,4,,,,1,,,5,,,1,,1,,,,,,,,,,,,,,,,,,,,,,,,,,2,,,,,,32,,,,,,,,,,,1,,,,,,,,1,,,,,,,1,,,,,,
TB2B-21.7-10,,,,,2,,,,,,,,,,,,,,,,,,,,,,,,,,,,,,,,,,,,,,,,,,,,,,1,,,,,,,,,,1,5,,,,,1,,,,,,1,,,,,,1,,,,,,,,,,,,,,,,,,,,,2,,,,1,,,,,,,,,,,,,,,,,,,,,,,,,,,,,,,,,,,
TB2B-21.7-77,,,,,,,,,,,,,,,,1,1,,,,,,,,,,,,,,,1,,,,,,,,1,1,,,,,,,,,,,,,,,,,,1,1,,4,,,,,2,,,1,,,1,,,,,,2,,,,,,,,,,,,,,,,,,,,,,1,,,,1,,1,,,,,,,,,,,,,,,1,,,,,,,,,,,,,,,,,
TB2B-21.7-35,1,,,,,2,1,,,,,,,,,,,,,,,,,,,,,,,2,,3,,,,,,1,,2,,,,,,,,,,,,,,1,,2,,,1,,,,7,,,1,1,,,,,,1,,,1,,,,,,,1,,,1,,,,,,,,,,,,,,,,,,1,,,,,,,,,,1,,,,,,,1,2,,,,,,,,,,,,,3,,,,
TB2B-21.7-73,,,,,,,1,,,,,,,,,,,,,,,,,,,,,,,,,,,,,,,,,,,,,,1,,,,,,,,,,,,,,,5,2,1,,,,1,,,,1,,,1,,,,,,,,,,,,,1,,,,,,,,,,,,,,2,,,,,,,,,,1,,,,,,,,,,,,2,,,,,,,,,,,,,,,,,
TB2B-21.7-11,,,,,4,,,,,,,,,,,,,,,,,,,,,,,,,,,,,,,,,,,,,,,,,,,,,,,,,,,,,,,1,,,,,,4,3,,,,,,,,,,2,,2,,,2,,,,,,,,,,,,,,1,,,,1,3,,,2,,,,,,,,,,,,,,,,,,1,,,,,,,,,,,1,,,,,,
TB2B-21.7-61,,,,,,4,,,,,,,,,,,,,,,,,,,,,,,,,,,,,,,,,,,,,,,,,,,,,,,,,,1,,,,2,1,4,1,,,,,,,1,,,,,,,,,2,,,,,,,,,,,,,,,,,2,,,,,2,,,2,,,,,,1,,,,,,,,,,,,,,,,,,,,,,,,,,,,,
TB2B-21.7-38,,,,,,6,1,,,,,,,,,,,,,,,,,,,,,,,,1,1,,,,,,,,1,,,,,,,,,,,,,,,,4,,,1,,1,4,4,,,,1,,,1,,,1,,,,,,,,,1,,,1,,,,,,,,,,,,,,,,,,,1,,,,,,5,,,,,,,,3,,,,1,,,,,,,,,,,4,2,3,,,,
TB2B-21.7-32,,,,,,,,,,,,,,,,,,,,,,,,,,,,,,1,,1,,,,,,,,,,,,,,,,,,,,,,,,,,,,,2,3,,,,4,1,,,,,,,,,,,,,,,,,,,,,,,,,,,,,,,,,2,1,,,,,,,,,,,,1,,,,,,,,,,,,,,,,,,,,1,,,1,,,
TB2B-21.7-29,,,,,,,,,,,,,,,,,,,,,,,,,,,,,,1,,2,,,,,,,,1,2,,,,,,,,,,,,,,,,,,,1,,1,1,,,,,,1,,,,,,1,,1,,1,1,,,1,1,,,,,,,,,,,,,,,,,1,,,,,,,,,,,,,,,,,,,,,,,,,,,,,,,,,,7,,,,
TB2B-21.7-65,,,,,,,1,,,,,,,,,,,,,,,,,,,,,,,,1,1,,,,,,,,,,,,,,,,,,,,,,,,1,,1,,2,,2,1,,,,1,,,1,,,,,,,,,,,,,1,,1,,,,,,,,,,,,,,,2,3,,,,,,2,,,,,,,1,,,,,,,,2,,,,,,,,,,,,,,,,,
TB2B-21.7-45,,,,,,3,,,,,,,,,,1,2,,,,,,,,,,,,,1,,1,,,,,,,,1,1,,,,,,,,,,,,,,,1,,,,,,,6,,,2,,,,,,,1,,,,,,,,,,,,2,,,,,,,,,,,,,,,,1,,,1,,,16,,,2,,,,,,,1,,,,,,,,,2,,,,,,,,1,,,,,
TB2B-21.7-72,,,,,,,,,,,,,,,,,,,,,,,,,,,,,,,,,,,,,,,,,,,,,,,,,,,,,,,,,,,,,,1,,,,,4,,,,,,,,,,,,,,,,,,1,,,,,,,,,,,,,,,,1,,,,,,,,,,,,,,,,,,,,,,,,,1,,,,,,,,,,,,,
TB2B-21.8-30,,,,,,,,,,,1,1,,,,,,,,,,,,,,,,,,,,2,,,,,,,,1,,,,,,,,,,,,,,,,,,,,,1,3,2,,,,1,,,1,,,,,1,,,,,,,,5,,1,,,,,,,,,,,,,,,1,,,,1,,,,,,,,,,,,,,,,,,,,,,,,,,,,,,,,,,,
TB2B-21.8-43,,,,,,,,,,,2,,,,,,,,,,,,,,,,,,,1,1,,,,,,,,,,,,,,,,,,,,,,,,,,,,,,1,2,4,,,2,1,,,,,,,,,,,,,,,,,,2,,2,,,,,,,,,,,,,2,1,,,1,,,1,1,,,,,,,,,,,,,,1,,,,,,,,,,,,,1,,,,
TB2B-21.8-42,,,,,,,,,,,,,,,,,,,,,,,,,,,,,,1,1,,,,,,,,,,,1,,,,,,,,,,1,,,,,,,,,1,3,1,,,2,,,,2,,,,,,,,,,,,1,1,,1,,1,,,,,,,,,,,,,,2,,,,1,,2,,,1,,,,,,,,,,,1,,1,,,,,,,,,,,,,,,,
TB2B-21.8-4,,,,,,,1,,,,,,,,,,,,,,,,,,,,,,,,,,,,,,,,,,,,,,,,,,,,,,,,,,,,1,,1,1,6,,,,,,,2,,,1,,,,,,,,,,2,,1,,,1,,,,,,,,,,,,,,,,1,1,,2,,,,,,,,,,,,,,,,,,,,,,,,,,,,,1,,,
TB2B-21.8-29,,,,,,1,,,,,,,,,,,,,,,,,,,,,,,,,2,2,,,,,,,,,1,,,,,,,,,,,,,,,,,,,,,5,1,,,2,2,,,3,,,1,,1,,,,1,,,,2,,2,,,,,,,,,,,,,,,,1,,,,,,6,,,1,,,,,,,1,,,,,1,,,,,,,,,,,,,1,,,,
TB2B-21.8-51,,,,,,,,,,,,,,,,,,,,,,,,,,,,,,,,,,,,,,,,,,,,,,,,,,,,,,,,1,,,1,,,3,4,,,1,,,,,,,1,,1,,,,6,,,,,,,,,1,,,,,,,,,,,,2,1,,,,,,10,,,,,,,,,,1,1,,,,,,,,,,,,,,,,,,,,,
TB2B-21.8-6,,,,,,,,,,,,,,,,3,,,,,,,,,,,,,,,2,,,,,,,,,,,,,,,,,,,,,,,,,,,,,,,7,2,,,,,,,,,,,,,,,,2,,,,,,4,,,2,,,,,,,,,,,,,1,,,,,,2,,,,,,,,,,,,,,,,,,,,,,,,,,,,,,,,
TB2B-21.8-44,,,,,,,,,,,,,,,,,,,,,,,,,,,,,,,,,,,,,,,,,,,,,,,,,,,,,,,,,,,,,,6,2,,,2,,,,2,,,,,,,,,,,,,,,4,,,,,,,,,,,,,,,1,,,,,,,,,,,,,,,,,,,,,,,,,,,,,,,,,,,,,,,
TB2B-21.8-55,,,,,,,,,,,,,,,,,,,,,,,,,,,,,,,1,,,,,,,,,,,,,,,,,,,,,,,,,,,,,,1,1,4,,,1,,,,,,,,,1,,,,1,,,,5,,2,,,,,,,,,,,,,,,,2,,,2,,,,1,,,,,,,,,,,,,,,,,,,,,,,,,,,,,,,
TB2B-21.8-19,,,,,,,,,,,,,,,,,,,,,,,,,,,,,,,,,,,,,,,,,,,,,,,,,,,,,,,,,,,,,,,2,,,,,,,1,,,1,,,,1,,,,,,5,,,,,,,,,,,,,,,,,2,,,,1,1,,,,,3,,,,,,,,,,,,,,,,,,,,,,,,,,,,,
TB2B-21.8-25,,,,,,,,,,,,2,,,,,,,,,,,,,,,,,,1,,,,,,,,,,,,,,,,,,,,,,,,,,,,,,,1,6,9,,,3,,,,,,,,,,,,,3,,,,2,,1,,,,,,,,,,,,,,,2,1,,,,,,10,,,,,,,,,,5,1,,,,,,,,,,,,,,,,,,,,,
TB2B-21.8-40,,,,,,,,,,,,,,,,,,,,,,,,,,,,,,2,,,,,,,,,,,,,,,,,,,,,,,,,,,,,1,,1,3,4,,,1,,,,,,,1,,,,,,1,,,,,,,,,,,,,,,,,,,,,2,,,,1,1,,8,,,,,,,,,,1,1,,,,,,,,,,,,,,,,,1,,,,
TB2B-21.8-8,,,,,,,,,,,,,,,,,,,,,,,,,,,,,,,,,,1,,,,,,,,,,,,,,1,,,,,,,,,,,1,,,,,,,,,,,1,,,,,1,1,,,,,,,3,,,,,,,,,,1,,,,,,,,,,,1,,,1,,,1,,,,,,,,,,,,,,,,,,,,,,,,,1,1,,,
TB2B-21.8-26,,,,,1,2,,,,,,,,,,1,,,,,,,,,,,,,,,3,,,,,,,,,,,,2,,,,,3,,1,,,,,,,,,1,1,,3,1,,,4,2,,,,,1,,,,1,9,,,2,,,15,,,,1,1,,,,,,,,,,,,,,1,,,,,,,,4,,,,1,,,35,,,,,4,,,,,,,,,,,,,1,,,,
TB2B-21.9-18,,,,,1,1,1,,,,,,,,,,,,,,,,,,,,,,,,,,,,,,,,,,,,,,,,,,,,,,,,,,,,,1,,,,,,1,,,,,,,1,,,,,,,,,,2,,,,,,,,,,,,,,,,,,2,,,2,,,,,,10,,,,,,,1,,,,,,,,,,,,,,,,,,,,,,
TB2B-21.9-41,,,,,,23,,,,,,,,,,,,,,,,,,,,1,,,,,,,,,,,,,,,,,,,,,,,,,,,,,,,,,,,1,,2,,,2,1,,,,,,1,,1,,,,,,,,,1,,,,,,,,,,,,,,,,2,,,,,,,,,,12,,,,,,,,,,,,,,,,,,,,,,,,,,,,,
TB2B-21.9-3,,,,,2,2,,,,,,,,,,,,,,,,,,,,,,,,,,,,,,,,,,,,,,,,,,,,,,,,,,,,,,,2,,,,,4,2,,,3,,,,,,,,,,,,,9,,,,,,,,,,,,,,,,,1,,,,1,,,,,,18,,,,1,,,5,,,,,,,,,,,,,,,,,,1,,,,
TB2B-21.9-19,,,,,,1,1,,,,,,,,,,2,,,,,,,,,,,,,,,,,,,,,,,,,,,,,,,,,,,,,,,,,,,,,2,,,,2,,,,,,,3,,,,,,1,,,,2,,,,,,,,,,,,,,,,,,1,,,4,,,,,,14,,,,,,,,,,,,,,,,,,,,,,,,,,,,,
TB2B-21.9-38,,,,,,,,,,,,,,,,,,,,,,,,,,,1,,,,,,,,,,,,,,,,,,,,,,,,,,,,,,1,,,,,1,3,,,,,,,,,1,1,,,,,,,,1,,,,,,,1,,,,,,,,1,,,,,,,,2,,,,,,,,,,,,,,,,,,,,,,,,,,,,,,,,,,,
TB2B-21.9-50,,,,,,,,,,,,,,,,1,,,,,,,,,,,,,,1,,,,,,,,,,,,,,,,,,,,,,,,,,,,,,,1,1,2,,,,,,,1,,,,,,,,,1,,,,,1,,,,,,,,,,,,1,,,,1,2,,,1,,,,,,,,,,,,,,,,,1,,,,,,,,,,,,,,,1,,,
TB2B-21.9-39,6,,,,,,,,,,2,,,,,,,,,,,,,,,,,,,,1,,,1,2,,,,,,,,,,,,,,,,,,,,,,,,,,,1,1,,,,1,,,7,,,2,,,,,,,,,,1,,,,,,,,,,,,,,,,,,,,,,,,,,,,,,,,,,95,,,,,7,,9,,,,,,,,,,,,,,,
TB2B-21.9-22,,,,,,1,,,,,,,,,,,,,,,,,,,,,,,,,,,,,,,,,,,,,,,,,,,,,,,,,,,,,,,,2,,,,1,,,,,,,,,,,,,,,,,1,,,,,,,,,,,,,1,,,,,,,,1,,,,,,6,,,,,,,,,,,,,,,,,,,,,,,,1,,,,,
TB2B-21.9-14,,,,,,,,,,,,,,,,,,,,,,,,,,,,,,,,,,,,,,1,,1,,,,,,,,,,,,,,,,1,,,,,3,1,,,,5,,,,,,,,,,,,,,,,,4,,,,,1,,,,,,,,,,,,3,,,,1,,,,,,,,,,,,,,,,,,,,,,,,,,,,,,,,,,,
TB2B-21.9-21,,,,,,,,,,,,,,,,,,,,,,,,,,,,,,,,,,,,,,,,,,,,,,,,,,,,,,,,3,,,,,,,,,1,,,,,,,,,1,,,,,,,,,,,,1,,,,,,,,,,,,,,1,,,,,,,,,,,,,,,,,,,,,,,,,,,,,,,,,,,,,,,
TB2B-21.9-37,,,,,,,,,,,,,,,,,,,,,,,,,,,,,,,,,,,,,,,,,,,,,,,,,,,,,,,,,,,,,,,,,,,,,,,,,1,,,,,,,,,,1,,,,,,,,,,,,,,,,,,,,,,,,,,,2,,,,,,,,,,,,,,,,,,,,,,,,,,,,,
TB2B-21.9-32,,,,,,,1,,,,,,,,,,,,,,,,,,,,,,,,,,,,,,,,,,,,,,,,,,,,,,,,,,,,,,,7,,,,,,,,5,,,,1,,,1,,1,,,,2,,,,,,,,,,,,,,,,,,,1,,1,,,,,,1,,,,,,,,,,,,2,,,,,,,,,,,,1,,,,,
TB2B-21.9-48,,,,,,,,,,,,,,,,,1,,,,,,,,,,,,,,,,,,,,,,,,,,,,,,,,,,,,,,,1,,,,,,1,1,,,2,,,,,,,,,,,,,1,,,,5,,,,,,,,,,,,,,,,,,,,,,,1,,,,1,,,,,,,,,,,,1,,,,,,,,,,,,,,,,,
TB2B-21.9-12,,,,,,,,,,,,7,,,,,,,,,,,,,,1,,,,,,,,,,,,,,,,,,,,,,,,,,,,,,,,,,,,6,1,,,,,,,,,,1,4,,,,,,,,,1,,,,,,,,,,,,,,,,,1,,,,,,,,,,1,,,,,,,,,,,,,,,,,,,,,,,,,,,,,
TB2B-21.9-28,,,,,,1,,,,,,,,,,,,,,,,,,,,,,,,,,,,,,,,,,,,,,,,,,,,,,,,,,,,,,,,1,,,,,,,,,,,,,1,,,,1,,,,1,,,1,,,,,,,,,,,,,,,1,,,,,,,,,4,,,,,,,,,,,,,,,,,,,,,,,,,1,,,,
TB2B-21.10-54,,,,,,,,,,,,,,,,,,,,,,,,,,,,,,,,,,,,,,,,,,,,,,,,,,,,,,,,,,,,,2,1,,,,2,,,,,,,,,,,,,,,,,,,,,,,,,,,,,,,,,,,,,,,1,,,,,3,,,,,,,,,,,,,,,,,,,,,,,,1,,,,,
TB2B-21.10-72,,,,,,,,,,,,,,,,,,,,,,,,,,,,,,,,,,,,,,,,,,,,,,,,,,,,,,,,,,,,,,3,1,,,6,,1,,,,,,,,,1,,,1,,,3,,,1,,,,,,,,,,,,,,1,,,,,1,,,,,6,,,,,,,,,,,,,,,,,,,,,,,1,,2,,,,
TB2B-21.10-7,,,,,1,,,,,,,,,,,,,,,,,,,,,,,,,,,,,,,,,,,,,,,,,,,,,,,,,,,,,,,,1,3,,,,1,,,,,,,,,,,,,1,,,,,,,,,,,,,,,,,,,,,,,,,,1,,,,,,,,,,,,,,,,,,,,,,,,,,,,,,1,,,,
TB2B-21.10-16,,,,,,3,,,,,,,,,,,,,,,,,,,,,,,,,,,,1,3,,,,,,,,,,,,,2,,,,,,1,,,,,,,,9,,,,7,,,,1,,,,,,1,,,2,1,,,3,,,,,1,,,,,,,,,2,,,,,,,,,,,,,5,,,,,,,124,,,,,23,,1,,,,,,,,,3,,1,,,,
TB2B-21.10-27,,,,,,2,,,,,,,,,,,,,,,,,,,,,,,,,,,,,,,,,,,,,,,,,,,,,,,,,,1,,,,,,9,,,,,,,,,,,,,3,,,,3,,,,,,,1,,,,,,,,,,,,,,,,,,1,,,,,,1,,,,,,,,,,,,,,,,,,,,,,,,,3,,,,
TB2B-21.10-87,,,,,,,,,,,,,,,,,,,,,,,,,,,,,,,,,,,,,,,,,,,,,,,,,,,,,,,,,,,,,,12,,,,1,,,,5,,,,,,,,,,,,,1,,,,,,,,,,,,,,,,,,,,,3,,,,,,2,,,,,,,,,,,,,,,1,,,,,,,,,,,,,,
TB2B-21.10-63,,,,,,,,,,,,,,,,,,,,,,,,,,,,,,,,,,,,,,,,,,,,,,,,,,,,,,,,,,,,,1,3,,,,3,1,,,3,,,,,,,,,,,,,2,,,,,1,,,,,,,,,,,,1,,,,1,1,,,,,,,,,,,,,,,,,,,,,,,,,,,,,1,,,,,
TB2B-21.10-1,,,,,,1,,,,,,,,,,,,,,,,,,,,,,,,,,,,,,,,,,,,,,,,,,,,,,,,,,,,,,,,3,,,,1,,,,,,,,,,,,,,,,,1,,,,,2,,,,,,,,,,,,,,2,,1,,,,,,4,,,,,,,,,,,,,,,,,,,,,,,,1,,,,,
TB2B-21.10-31,,,,,,,,,,,,,,,,,,,,,,,,,,,,,,,,,,,,,,,,,,,,,,,,,,,,,,,,,,,,,1,2,,,,,1,,,,,,,,,,,,,,,,,,1,,,,,,,,,,,,,,,,,,,1,1,,,,,3,,,,,,,,,,,,,,,,,,,,,,,,,,,,,
TB2B-21.10-65,,,,,,,,,,,,1,,,,,,,,,,,,,,,,,,,,,,,,,,,,,,,,,,,,,,,,,,,,,,,,,,8,,,,1,1,,,,,,,,,,,,,,,1,1,,1,,,,,,,,,,,,,,,,,1,,2,,,,,,,,,,,,,,,,,,,,,,,,,,,,,,,2,,,,
TB2B-21.10-3,,,,,,,,,,,,,,,,,,,,,,,,,,,,,,,,,,,,,,,,,,,,,,,,,,,,,,,,,,,,,,7,,,,7,1,1,,,,,,,1,,,,,,,,,,,,,1,,,,,,,,,,,,,,,,3,,,,,,,,,,,,,,,,,,1,,,,,,,,,,,,1,,,,,
TB2B-21.10-20,,,,,,,,,,,,,,,,,1,,,,,,,,,,,,,,1,,,,,,,,,,,,,,,,,,,,,,,,,,,,,,1,,,,,1,,,,,,,,,1,,,,,,,,1,,,,,,,,,,,,,1,,,,,,,,,,,,,,1,,,,,,,,,,,,,,,,,,,,,,,,,,,,,
TB2B-21.10-48,,,,,,,,,,,,,,,,,,,,,,,,,,,,,,,,,,,,,,,,,,,,,,,,,,,,,,,,,,,,,,6,1,,,,,,,,,,,,,,,,2,,,,,,,,,,,,,,,,,,,,,,1,,,1,1,,1,,,4,,,,,,,,,,,,1,1,,,,,,,,,,,1,1,,,,
TB2B-21.10-21,,,,,,,,,,,,2,,,,,,,,,,,,,,,,,,,1,,,,,,,,,,,,,,,,,,,,,,,,,,,,,,2,1,,,,3,1,,,,,,3,,1,,,,,1,,1,,,,,,,,,,,,,,,,,,,,,,1,,,,,,1,,,,,,,,,,,1,1,,,,,,,,,,,,1,,,,,
TB2B-21.10-12,,,,,,,,,,,,,,,,,,,,,,,,,,,,,,,,,,,,,,,,,,,,,,,,,,,,,,,,,,,,,,4,1,,,1,,,,,,,1,,,,,,,,,,,,,,,,,,,,,,,,,,,1,,,,1,1,,,,,3,,,,,,,,,,,,,,,,,,,,,,,,,,,,,
TB2B-21.10-43,,,,,,1,,,,,,1,,,,,,,,,,,,,,,,,,,1,,,,,,,,,,,,,,,,,,,,,,,,,,,,,,2,10,,,,2,,,,1,,,3,,2,,3,,2,,,,,1,,,,,,,,,,,,,,,,,,,,1,,,,,,1,,,,,,,12,,,,,,,,,,,,,,,,,,,,,,
TB2B-21.10-22,,,,,,,,,,,,2,,,,,,,,,,,,,,,,,,,,1,,,,,,,,,,,,,,,,,,,,,,,,,,,,,1,7,1,,,4,,,,,,,,,,,1,,1,,,,1,1,,,,,,,,,,,,,,,,,,1,,1,,,,,,1,,,,,,,,,,,,,,,,,,,,,,,,,,,,,
TB2B-21.12-40,,,1,1,,4,,,,,1,1,,,,,,,,,,,,,,1,,,,,,,,1,,,,,,,,,,,,,,,,,,,,,,,,,,,,2,1,,,,,,,,,,,,,,,,9,,,,25,,,,,,,,,,,,,,,,,,,1,,2,,,,,,,,,,,,,10,,,,,1,,,,,,,,,,,,,4,,,,
TB2B-21.12-70,,,,,,,,,,,,,,,,,,,,,,,,,,,,,,,,,,,,,,,,,,,,,,,,,,,,,,,,,,,,,,1,,,,,,,,4,,,,,,,,,,,,,,,,,,,,,,,,,,,,,,,,,,1,,,,,,3,,,1,,,,,,,,,2,,,,,,,,,,,,,1,,,,
TB2B-21.12-73,,,,,,3,,,,,,2,,,,,,,,,,,,,,,,,,,2,,,,,,,,,,,,,,,,,,,,,,,,,,,,,,5,4,,,,,,,,,,,,,3,,,,3,,,,17,,1,,,,,,,,,,,,,,,,,,1,2,,1,,,,,,,,,,,7,,,,,1,,,,1,,,,1,,,,1,1,,,,
TB2B-21.12-17,,,,,,1,,,,,,,,,,,,,,,,,,,,,,,,,1,,,,,,,,,,,,,,,,,,,,,,,,,,,,,,2,3,,,,1,,,,,,,,,,,,,1,,,,17,,1,,,,,,,,,,,,,,,,,,,,,,,,,1,,,1,,,,1,,,,,,,,,2,,,,,,,,,,,,,
TB2B-21.12-59,,,,,,5,,,,,3,,,,,,,,,,,,,,,,,,,,1,,,,,,,,,,,,,,,,,,,,,,,,,,,,,,,2,,,,,,,,,,,,,1,,,,1,,,,,,,,,,,,,,,,,,,,,,,,,1,,,,,,1,,,,,,,,,,,,,,,,,,,,,,,,,,,,,
TB2B-21.12-50,,,,,,3,,,,,2,6,,,,,,,,,,,,,,,,,,,,,,,,,,,,,,,,,,,,,,,,,,,,,,,,,2,,,,,,,,,3,,,,,1,,1,,7,,,,22,,,,,,,,,,,,,,,,,,,,,,1,1,2,,,,,,,,,,,,,,,,,,,,,,,,1,,,,3,,,,
TB2B-21.12-65,,,,,,3,,,,,,,,,,,,,,,,,,,,,,,,,,,,,,,,,,,,,,,,,,,,,,,,,,,,,,,2,11,,,,,,,,2,,,,,,,,,2,,,,39,,,,,,,,,,,,,,,,,,1,1,,2,1,,1,,,2,,,,,,,,,,,,,,,,,,,,,,,,,,,,,
TB2B-21.12-83,,,,,,2,,,,,,8,,,,,7,,,,,,,,,,,,,,,,,,,,,,,,,,,,,,,,,,,,,,,,,,,,1,6,,,,,,,,,,,,,1,,,,3,,,,40,,1,,,,,,,,,,,,,,,,,3,,1,1,,,,,1,,,,,,,,,,,,1,,,1,,,,,,,,,,,,,,
TB2B-21.12-78,,,,,,1,,,,,1,1,,,,,4,,,,,,,,,,,,,,,,,,,,,,,,,,,,,,,,,,,,,,,,,,,,1,4,,,,,,,,1,,1,,,1,,,,1,,,,21,,,,,,,,,,,,,,,,,,,1,,,,,2,,,,,,,,,,,,,,,,,,,,,,,,,,,,,,,,
TB2B-21.12-92,,,,,,8,,,,,,,,,,,2,,,,,,,,,,,,,,,1,,,,,,,,,,,,,,,,,,,,,,,,,,,,,4,2,,,,,,,,1,,,,,,,,,7,,,,40,,1,,,,,,,,,,,,,,,,,,,1,,,1,,,1,,,,,,,1,,,,,,,,,,,,,,,,,,,,1,,
TB2B-21.12-101,,,,,,2,,,,,,2,,,,,,,,,,,,,,,,,,,,,,,,,,,,,,,,,,,,,,,,,,,,,,,,,,3,,,,1,,,,,,,,1,1,,,,2,,,,10,,1,1,,,,,,,,,,,,,,,,,,5,,,,,,3,,,,,,,1,,,,,2,,,,,,,,,,,,,1,,,,
TB2B-21.12-4,,,,,,3,,,,,,,,1,,,,,,,,,,,,,,,,,,,,,,,,,,,,,,,,,,,,,,,,,,,,,,,1,2,,,,1,,,,,,,,,4,,,,2,,,,2,,,,,,,,,,,,,,,,,,,,,,1,,,,,,,,,,,,,,,,1,3,,,,,,,,,,,,2,2,,,,
TB2B-21.12-44,,,,1,27,2,,,,,,,,,,,,,,,,,,,,,,,,,1,,,1,,,,,,,,,,,,,,,1,,,,,,,,,,1,,2,6,,,,,1,,,1,,,1,,1,,1,,3,,,,32,,1,,,,,,,,,,,,,,,,,,,1,,,,,,,,,,,,,15,1,,,,2,,,,,,,,,,,,,2,,,,
TB2B-21.12-13,,,,,1,12,,,,,1,2,,,,,1,,,,,,,,,,,,,,,,,,,,,,,,1,,,,,,,,,,,,,,,,,,,,,10,,,,,,,,,,,,,3,,1,,1,,,,21,,,,,,,,,,,,,,,,,,,,,,1,,,,,,,,,,,,,,,,,1,,,,,,,,,,,,,3,,,,
TB2B-21.12-45,,,,,,7,,,,,,,,,,,,,,,,,,,,,,,,,,,,,,,,,,,,,,,,,,,,,,,,,,,,,,,,2,,,,,,,,,,,,,,,,,,,,,5,,,,,,,,,,,,,,,,,,1,,,,,,,,,2,,,,,,,,,,,1,,,,,,,,,,,,,2,2,,,,
TB2B-21.12-35,,,,,,4,,,,,,1,,,,,,,,,,,,,,,,,,,,,,,,,,,,,1,,,,,,,,,,,,,,,1,,,,,,3,,,,3,,,,1,,,,,,,2,,6,,,,15,,,,,,,,,,,,,,,,,,1,,,,,,,,,,,,,,,,,,,,,,,,,1,,,,,,,,,,,,,
TB2B-22.3-38,,,,,1,2,,,,,,,,,,1,,,,,,,,,,,,,,1,,,,,,,,,,,,,,,,,,,,,,,,,1,,,,,11,1,11,1,,,6,6,,,1,,,,,,,1,,18,,,,186,,,,,,,,,,,,,,1,,,1,,2,,,,1,1,,,,,,1,,,,3,,,,,1,,,,,,,,,,,,,,,,,
TB2B-22.3-4,1,,,,1,3,,,,,1,1,,,,,,,,,,,,,,,,,,,1,,,,,,,2,,,,,,,,,,,,,,,,,,,,,,4,2,13,4,,,4,5,,,8,,,,,,,,,15,,1,,248,,,,,,,,,,,,,,3,,,,,3,,1,,,2,,,1,,,1,,,,,,,,,,,2,,,,,,,,,,1,,,,,
TB2B-22.3-35,1,,,,,2,,,,,4,,,,,,1,,,,,,,,,,,,,,1,,,,,,,1,,,,,,,,,,,,,,,,,,,,,,7,5,19,2,,,7,4,,,8,,,,,2,,,,6,,,,130,,,,,,,,,,,,,,,,,1,,,,3,1,,2,,,3,,,,,,,1,,,,,,,,,1,,,,,,,,,,,,,
TB2B-22.3-33,1,,,,,1,,,,,,,,,,,,,,,,,,,,,,,,,1,,,,,,,,,,,,,,,,,,,,,,,,,,,,,4,2,29,,,,10,6,,,2,,,,,,,3,,12,,,,211,,,,,,,,,,,,,,,,,,,2,,5,1,,1,,,,,,,,,,1,,,,1,,1,,,,,,,,,,,,,,,,
TB2B-22.3-29,,,,,1,13,,,,,,,,,,,7,,,,,,,,,,,,,,7,,,,,,,,,,,2,,,,,,,,,,,,,1,2,,,1,3,,3,2,,,11,6,,,1,,,,,,,13,,4,,,,118,,1,,1,1,,,,,,,,,,,,1,,2,,,1,,,,,1,,,,,,,4,,,,1,1,1,,,,,,,,,,,2,,,,,
TB2B-22.3-32,,,,,1,15,,,,,,,,,,,1,,,,,,1,,,,,,,1,10,,,,,,,,,,,,,,,,,,,,,,,,,,,,,6,1,13,4,,,9,9,,,1,,,,1,,,,,1,,,,226,,,,,,,,,,,,,,,,,1,3,1,,,,,,,,,,,,,,,3,,,,1,1,,,,,,,,,1,,,2,,,,,
TB2B-22.3-21,,,,,,4,,,,,,,,,,2,3,,,,,,,,,,,,,,,,,1,,,,,,,,,,,,,,,,,,,,,1,,,,,,,7,,,,24,3,,,,,,,,1,,,,,,,,52,,1,,,,,,,,,,,,,,,,,,,3,,,,,,2,,,,,,,,,,,,1,,,,,,,,,,,,,,,,,
TB2B-22.3-6,,,,,1,2,,,1,,,,1,,,1,,,,,,,,,,,,,,2,,,,,,,2,,,,1,,,,,,,,,,,,,,,,,,,1,2,15,1,,,9,5,,,1,,,,,,,,,6,,1,,165,,,1,,,,,,,,,,,,,,,,,,,,,2,,,,,,,,,,60,,,,,2,,,,,,,,,,,,,,,,,
TB2B-22.3-55,,,1,,1,2,,,2,,,,,,,1,,,,,,,,,,,,,,,,,,,,,,,,1,,,,,,,,,,,,,,,,,,,,3,,16,,,,6,5,,,4,,,,,2,,,,8,,,,228,,,,,,,,,,,,,,2,,,,,1,2,1,,,,,,4,,,1,,,,,,,,,1,,,,1,,,,,,,,,,,,,
TB2B-22.3-1,,,,,3,5,,,,,,,,,,,,,,,,,1,,,,,,,1,1,,,,,,,,,,,,,,,,,,,,,,,,,,,,,7,1,5,1,,,8,5,,,2,,,,,1,,,,4,,,1,243,,3,,1,1,,,,,,,,,,,,,,,,,,,,,,,,,,,,,,,,,1,1,1,,,,,,,,,,,,,,,,
TB2B-22.3-10,,,,,3,9,1,,,,1,,,,,1,1,,,,,,,,,,,,,4,1,,,,,,,,,,,,,,,,,,,,,,,,1,,,,,9,1,10,4,,,7,13,,,5,,,,,,,,,15,,,,159,,2,,,,,,,,,,,,1,,,,,1,1,,1,,2,,,,,,,,,,,,,,,7,,,,,,,,,,,,1,,,,,
TB2B-22.3-31,,,,,5,10,,,,,,,,,,3,2,,,,,,,,,,,,,2,9,,,,,,,,,,,,,,,,,,,,,,,,,,,,,13,1,18,1,,,9,22,,,5,,,,,,,4,,10,,,,295,,,,,,,,,,,,,,1,,,,2,1,,1,1,,4,,,1,,,,,,,3,,,,1,2,2,3,1,,,,,,,,,,,,,,
TB2B-22.3-19,,,,1,3,6,,,1,,,,,,,,,,,,,,,,,,,,,,1,,,,,,,,,,,,,1,,,,,,,,,,,1,,,,,2,,16,1,,,6,10,,,7,,,,,2,,6,,8,,,,228,,,,,,,,,,,,,,,,,,,3,,1,,1,,,,1,,,,,,,1,,,,,3,,1,,,,,,,,,,,2,1,,,
TB2B-22.3-48,,,1,,3,2,,,,,,,,,,,3,,,,,,,,,,,,,,7,,,1,,,,,,,,,,,,,,,,,,,,,,,,,,11,2,46,1,,,5,13,,,1,,1,,,,,,,2,,,,105,,,,,,,,,,,,,1,,,,,,,,,1,,3,,,,,,,1,,,60,,,,1,1,,1,,,,,,,,,,1,,,1,,
TB2B-22.5-31,,,,,4,21,,,,,1,,,,,,,,,,,,,,,,,,,1,,,,,,,,1,,,,,,,,,,,,,,,,,,,,,,,2,9,4,,,6,1,,,1,,,,,,1,1,,7,,,,44,,,,,,,,,,,1,,,,,,,2,2,,,1,,1,,,,,,,,,,,,,,,1,,,,,,,,,,,,1,,,,,
TB2B-22.5-6,,,,,2,9,,,,,1,,,,,,,,,,,,,,,,,,,,,,,,,,,,,,,,,,,,,,,,,,,,,,,,,,2,3,6,,,8,1,,,3,,,,,1,,,,1,,,,85,,1,,,,,,,,,,,,,,,,,,,,1,,,,,2,,,,,,,,,,,,1,,,,,,,,,,,,,,,,,
TB2B-22.5-55,,,,,5,13,,,,,,2,,,,,,,,,,,,,,,,,,1,,,,,,,,,,,,,,,,,,,,,,,,,,,,,,,1,6,4,,,11,3,,,3,,,,,,,2,,3,,,,99,,,,,,,,,,,,,1,,,,1,1,,,,3,,1,,,,,,,,,,,,,,,,,,,,,,,,,,,,,,,,
TB2B-22.5-48,,,,,8,37,1,,,,,,,,,1,,,,,,,,,,,,,,2,,,,,,,,,,,,,,,,,,,,,,,,,1,,,,,,1,6,3,,,11,4,,,5,,2,,,,,,2,5,,,,63,,,,,,,,,,,,,,,,,,2,1,,,,,1,,,,,,1,,,,,,,,,1,,,,,,,,,,,,,,,,,
TB2B-22.5-33,1,,,,,2,,,,,,,,,,,,,,,,,,,,,,,,,1,,,,,,,,,,,,,,,,,,,,,,,,,,,,,,1,3,1,,,11,,,,1,,,,,,,1,,,,,,62,,2,,,,,,,,1,,,,,,,,2,,,,,,,,,3,,,,,,,,,,,1,1,,,,,,,,,,,,,,,,,
TB2B-22.5-21,,,,,2,7,,,,,,,,,,,2,,,,,,,,,,,,,,,,,,,,,,,,,,,,,,,,,,,,,,,,,,,,2,5,4,,,8,2,,,,,,,,1,,3,,2,,,,114,,,,,,,,,,,,,,,,,,1,,,8,,,6,,,1,,,,,,,,,,,1,,,,,,,,,,,,,2,,1,,,
TB2B-22.5-26,,,,,6,11,,,,,,,,,,,,,,,,,,,,,,,,,,,,,,,,,,,,,,,,,,,,,,,,,,,,,,,,4,5,,,10,3,,,4,,,,,,,1,,,,,,36,,,,,,,,,,,2,,2,,,,,,,1,5,,,,,,5,,,,,,,,,,,,3,,,,,,,,,,,,,,,,,
TB2B-22.5-12,,,,,,3,1,,,,,,,,,,,,,,,,,,,,,,,2,,,,,,,,,,,,,,,,,,,,,,,,,,,,,,,3,8,2,,,4,1,,,1,,,,,,,1,,3,,,1,85,,,,,,,,,,,2,,,,,,,,,,,,,,,,,,,,,,,,,,,,,,,,,,,,,,,,2,,,,,
TB2B-22.5-1,,,,,5,5,,,,,1,1,,,,,,,,,,,,,,,,,,,,,,,,,,,,,,,,,,,,,,,,,,,,,,,1,,,8,2,,,3,3,,,,,,,,,,4,,3,,,,103,,2,,,,,,,,,,,,,,,1,1,,,1,1,,1,,,,,,,,,,,,,,,1,,,,,,,,,,,,,2,,,,
TB2B-22.5-52,1,,,,1,13,,,,,,,,,,,,,,,,,,,,,,,,1,,,,,,,,,,,,1,,,,,,,1,,,,,,1,,,,,,,1,1,,,10,1,,,1,,,,,,1,,,,8,,,190,,1,,,,,,,,,,,2,,,,,,,,2,,,,,,1,,,,,,,,,,,,3,,,,,,,,,,,,,,1,3,,
TB2B-22.5-32,,,,,8,37,,,,,2,,1,,,,,,,,,,,,,,,,,,,,,,,,,,,,,,,,,,,,,,,,,,,,,,,,2,7,3,,,6,12,,,1,,,,,,,,,6,,,,40,,,,,,,,,,,,,,,,,,,1,,,1,1,,,,3,,,,,,,,,,,1,1,,,,,,,,,,,,2,,,,,
TB2B-22.5-27,,,,,,1,1,,,,2,4,1,,,4,7,,,,,,,,,,,,,,,,,,,,,,,,,1,,,,,,,1,,,,,,,,,,,,1,12,4,,,6,10,,,2,,,,,,,,,2,,,,28,,,1,,,,,,,,,,,,,,,1,,,3,,1,1,,,,,,,,,,,,,,1,3,,,,,,,,,,,,,1,,,,
TB2B-22.6-1,,,,,,,,,1,,,,,,,5,6,,,,,,,,,,,,,,,1,,2,,,,,,,,1,,,,,,,1,,,,,,4,,,,3,1,,6,1,,,2,7,,,7,,,,3,,7,2,,1,4,,,12,,,,,,,,,,,,,1,,,,1,1,2,,1,6,,1,,,1,,,,16,,6,215,,,,1,5,,11,2,1,,,1,,,,,,,,2,,
TB2B-22.6-19,,,,,,,,,,,,,1,,,2,,,,,,,,,,,,,,,,,,,,,,,,,,,,,,,,,,,,,,,,,,,,,1,5,1,,,6,1,,,3,,4,,,1,,3,,1,,,,3,,1,,,,,,,,,,,,,,,,,,,,1,,1,,,1,,,,,,,,,,,2,,,,,,,,,,,,,,,,,,
TB2B-22.6-6,,,,,2,,,,,,1,,,,,3,1,,,,,,,,,,,,,,,,,,,,,,,,,,,,,,,,,,,,,,,,,,,,3,2,4,,,7,4,,,5,,,,,,,1,,2,,,,4,,1,,,,,,,,,,,,,,,1,,,,,,,,,,,,,,,,,,,,,,5,,,,,,,,,,,,,,,,,
TB2B-22.6-35,,,,,,,,,,,,,,,,5,3,,,,,,,,,,,,,4,1,,,,,,,1,,,,,,,,,,,,,,,,,1,,,,1,,2,8,4,,,4,1,,,6,,1,1,,1,,4,,3,,,,2,,1,1,,,,,,,,,,,,,,,,,,1,,1,5,,,1,,,,,,,,,,,3,,,,,,,,,,,,,1,,,,,
TB2B-22.6-10,,,,,,,,,,,,,,,,1,2,,,,,,,,,,,,,,,3,1,,,,,1,,,,,,,,,,,,,,,,,,,,,1,1,1,6,1,,,5,1,,,4,,1,,,1,,1,,5,,,,4,,,,,,,,,,,,,,,,,,,,,,,,,,,1,,,,,,,,,,,3,2,,,,2,,,,,,,,,,,,,
TB2B-22.6-29,,,,1,1,2,,,,,,,,,,3,4,,,,,,,,,,,,,,,,,4,,,,1,,,,,,,,,,,,,,,,,4,,,,,,1,9,1,,,5,6,,,9,,,,,,2,,,2,5,,,5,,,,,,,,,,,,,,,,,,1,,,1,1,,1,,,,,,,2,,,225,,,,1,5,1,3,2,,1,,,,,,,,,,,,
TB2B-22.6-4,,,,,,,,,,,,,,,,2,1,,,,,,,,,,,,,,,,,,,,,,,,,,,,,,,,,,,,,,,,,,,,1,5,,,,7,5,,,5,,3,,,,1,1,,4,,,,5,,,,,,,,,,,,,,,,,,1,1,,11,,,5,,,1,,,,,,,,,,,1,,,,,,,,,,,,,,,,,,
TB2B-22.6-52,1,1,,,,,,,,,1,,,,,,1,,,,,,,,,,,,,,,,,,,,,,,,1,,,,,,,,,,,,,,,,,,,,1,5,2,,,3,2,,,1,,,,,,1,2,,2,,,,3,,,,,,,,,,,,,,,,,,,,,2,,,1,,,,,,,,,,,,,,,2,,,,,,,,,,,,,,,,,
TB2B-22.6-21,,,,,,,,,,,,,,,,,,,,,,,,,,,,,,,,,,,,,,,,,,,,,,,,,,,,,,,1,,,,,,1,3,,,,5,1,,,3,,1,,,,,2,,1,,,,5,,,,,,,,,,,,,,,,,,,,,1,,,6,,,,,,,,,,,,,,,3,,,,,,,,,,,,2,,1,,,
TB2B-22.6-48,,,,,,,,,,,,,,,,,,,,,,,,,,,,,,,,,,,,,,,,,,,,,,,,,,,,,,,,,,,1,,1,20,9,,,3,3,,,2,,1,,,,1,3,,23,,,,1,,3,,,,,,,,,,,,,,,,1,2,,,1,1,3,,,,,,,,,,10,,,,1,,,,,,,,,1,,,,,,,,,
TB2B-22.6-32,,,,,1,,,,,,1,,1,,,,,,,,,,,,,,,,,1,1,1,,,,,,1,,,,,,,,,,,,,,,,,,,,,,,1,,2,,,6,3,,,3,,2,,,1,,2,,1,,,,8,,,,,,,,,,,,,,,,,,,1,,,,,4,,,,,,,,,,4,,,,1,1,,,,,,,,,,,,,,,,,
TB2B-22.6-27,,,,,,,,,,,,,,,,,,,,,,,,,,,,,1,1,,2,,,,,,,,2,1,,,,,,,,,,,,,,,,,,1,,,2,1,,,4,3,,,,,1,,,1,,2,,4,,,,1,,,,,,,,,,,,,,,,,2,,,,1,,,,,,1,,,,,,,,,,,,1,,,,,,,,,,,,,,,,,
TB2B-22.6-33,,,,,,,,,,,,,,,,,,,,,,,,,,,,,,1,,1,,,,,,,,2,,,,,,,,,,,,,,,1,,,,1,,1,7,1,,,8,,,,7,,1,,,,,2,,5,,,,7,,,,,,,,,,,,,,,,,1,,,,,,,1,,,1,,,,,,,2,,,,,1,,,,,,,,,,,,1,2,,,,
TB2B-22.6-31,,,,,,,,,,,,1,,,,,,,,,,,,,,,,,,,,,,,,,,,,2,1,,,,,,,,,,,,,,1,,,,,,1,6,1,,,4,1,,,3,,1,,,,,1,,1,,,,7,,,,,,,,,,,,,,,,,2,3,,,,,,3,,,,1,,,,,,15,,,,,2,,,,,,,,,,,,1,1,,,,
TB2B-22.8-4,,,,,,1,,,,,,,,,,3,,,,,,,,,,,,,,,,,,,,,,,,,,,,,,,,,,,,,,,,,,,1,,2,15,7,,,12,1,,,7,,,1,,,,2,,21,,,,2,,2,,,,,,,,,,,,,,,,,1,,,1,,1,,,2,,,,,,,10,,,,,1,,,,,,,,,,,,,,,,,
TB2B-22.8-6,,,,,1,1,,,,,,,,,,5,,,,,,,,,1,,,,,,,1,,,,,,,,,,,,,,,,,1,,,,,,,,,,1,,1,13,5,,,8,3,,,12,,1,1,,,,3,,13,,,,2,,,,,,,,,,,,,,,,,1,2,1,,2,1,,1,,,,,,,,,,112,,,,,1,,1,,1,,,,,,,,,,,,,
TB2B-22.8-35,,,,,,,,,,,,,,,,5,,,,,,,,,,,,,,1,,2,,,,,,1,,,,,,,,,,,,,,,,,1,,,,,,,14,2,,,13,2,,,14,,1,,,,,1,,16,,,,1,,,1,,,,,,,,,,,,,,,1,,,1,,2,3,,,2,,,,,,,3,,,,,,,,,,,,,,,,,,,,,,
TB2B-22.8-33,,,,,,2,,,,,3,,,,,2,2,,,,,,,,,,,,,1,1,1,,,,,,,,,,,,,,,,,,,,,,,,,,,,,,18,4,,,5,1,,,2,,,,,,4,2,,15,,,,1,,,,,,,,,,,,,,,,,,2,,,2,,,4,,,1,,,,,,,18,1,,,,,,,,,,,,,,,,,,,,,
TB2B-22.8-52,,,,,,1,,,,,1,,,,,1,,,,,,,,,,,,,,,,,,,,,,,,1,,,,,,,,,,,,,,,,,,,,,,3,2,,,5,1,,,1,,,1,,,1,,,2,,,,2,,1,,,1,,,,,,,,,,,,2,2,1,,2,,,3,,,,,,,,,,3,,,,,,,1,,,,,,,,,,,,,,,
TB2B-22.8-27,,,,,,,,,,,,,,,,,,,,,,,,,,,,,,,,,,,,,,,,,,,,,,,,,,,,,,,,,,,,,,1,2,,,3,,,,1,,,,,,,,,,,,,,,,,,,,,,,,,,,,,,,,,,2,,1,,,,1,,,,,,,6,,,,,,,,,,,,,,,,,,,,,,
TB2B-22.8-10,,,,,2,,,,,,,,,,,,,,,,,,,,,,,,,,,,,,,,,,,,,,,,,,,,,,,,,,1,,,,,,,8,2,,,8,2,,,1,,,,,,1,1,,1,,,,1,,3,,,,,,,,,,,,,,,,,2,,,,,,,,,,,,,,,14,,,,,2,,,,2,,,,,,,,,,1,,,
TB2B-22.8-29,,,,,,,,,,,,,,,,,,,,,,,,,,,,,,,,,,,,,,,,,,,,,,,1,,,,,,,,,,,,,,1,16,10,,,7,3,,,1,,,,,,,1,,7,,,,2,,2,,,,,,,,,,,,,,,1,2,,,8,,,,,,,,,,,,,5,,,,,2,,1,1,1,,,,,,,,,,,,,
TB2B-22.8-32,,,,,,1,,,,,,,,,,,,,,,,,,,1,,,,,,,,,,,,,,,,,,,,,,,,,,,,,,,,,,,,3,11,3,,,10,4,,,,,,,,,,,,8,,,,1,,,,,,,,,,,,,,,,,2,2,2,,1,1,1,2,,,1,,,,,,,8,,,,,3,,,1,,,,,,,,,,,,,,
TB2B-22.8-48,,,,,,,,,,,,,,,,,4,,,,,,,,,,,,,1,1,,,,,,,1,,1,,,,,,,,,,,,,,,,,,,,,2,7,2,,,5,1,,,1,,,,,,,,,1,,,,13,,,,,,,,,,,,,,,,,1,,1,,,1,,2,,,2,,,,,,,,,,,,,,,,,,,,,,,,,,,,,
TB2B-22.8-12,,,,,1,2,,,,,,,,,,1,1,,,,,,,,,,,,,,,1,,,,,,1,,,,,,,,,,,,,,,,,,,,,1,,2,13,4,,,5,3,,,5,,1,,,1,,1,,10,,,,1,,3,,,,,,,,,,,,,,,,1,1,,1,1,,,,,,,,,,,,22,,,,,1,,,,,,,,,,,,,,,,,
TB2B-22.8-31,,,,,,,,,,,,,,,,,1,,,,,,,,,,,,,,,,,,,,,,,,,,,,,,,,,,,,,,,,,,,,,15,6,,,3,5,,,5,,1,,,,1,2,,14,,,,,,,1,,,,,,,,,,,,,,,,,,,,,4,,,1,,,,,,,20,,,,,,,,,,,1,,,,,,,,,,,
TB2B-22.8-38,,,,,,,,,,,,,,,,1,,,,,,,,,,,,,,1,,,,,,,,1,,,,,,,,,1,,,,,,,,1,,,,,,1,21,8,,,5,1,,,5,,,,,,,,,18,1,,,,,1,,,,,,,,,,,,,,,,,,,,1,,1,,,,,,,,,,35,,,,,14,,3,,1,,,,,,,,,,,,,
TB2B-22.8-55,,,,,,,,,,,,,,,,3,1,,,,,,,,,,,,,,1,1,1,10,,,,,,,,,1,,,,11,,,,,,,,1,,,,,1,1,21,4,,,8,2,,,7,,,,,1,2,6,,6,7,,,,,,,,,,,,,,,,,,,,1,,,,,,,2,,,1,,,,3,,,366,,,,2,55,,13,16,,1,,,,,,,,1,,,,
TB2B-22.8-26,,,,,,,,,,,,,,,,,1,,,,,,,,,,,,,1,,,,,,,,,,,,,,,,,,,,,,,,,,,,,,,1,12,10,,,5,1,,,2,,,,,,,,,1,1,,,,,2,2,,,,,,,,,,,,,,1,1,,,2,2,,1,,,,,,,,,,160,,,,,,,2,,,,,,,,,,,,,,,
TB2B-22.8-21,,,,,3,,,,,,,,,,,9,2,,,,,,,,,,,,,1,,,,,,,,1,,,,,,,,,,,,,,,,,1,,,,,,,7,4,,,5,1,,,6,,,,,,,,,12,,,,,,3,,,,,,,,,,,,,,,,,,,,1,,5,1,,1,,,,,,,19,,,,,,,,,2,,,,,,,,,,,,,
TB2B-22.11-27,,,,,2,1,,,,,1,,,,,,,,,,,,,,,,,,,,,,,,,,,,,,,,,,,,,,,,,,,,,,,,,,1,,,,,,2,,,,,,,,,,,,1,,,,,,,,,,,,,,,,,2,,,,2,1,,,2,,,,,,3,,,,,,,,,,,,,,,,,,,,,,,,,,,,,
TB2B-22.11-6/19,,,,,,,,,,,2,13,,,,,,,,,,3,,,,,,,,1,2,,,,,,,,,,,,,,,1,,,,,,,,,,,1,,,,2,3,1,,1,3,,,,,,,,,,,,,3,,,,1,,1,,,,,,,,,,,,,,,,1,,,,1,,,,,4,,,,,,,32,,,,,,,,,,,,,,,,,,,,,,
TB2B-22.11-4,,,,,,9,,,,,2,2,,,,,,,,,,,,,,,,,,,1,,,,,,,,1,,,,,,,,,,,,,,,,,,,,,,2,15,2,,,1,,,,1,,,,,,,1,,15,,,,,,,,,,,,,,,,,,,,,,2,,,1,,,,,,,,,,1,,,330,,,,,,,,1,,,,,,,,,,,,,,
TB2B-22.11-31,,1,,,,6,1,,,,,12,,,,,,,,,,,,,,,,,,1,3,,,,,,,,,1,,,,,,,,,,,,,,,,,,,,,1,6,,,,2,1,,,,,,,,1,,1,,12,,,,1,,,,,,,,,,,,,,,,,,1,,,,,,,,,,,,,,,,,,,,,1,,,,1,,,,,,,,1,,,,,
TB2B-22.11-12,,,,,,11,,,,,,4,,,,,,,,,,4,,,,,,,,,1,,,,,,,,1,,,,,,,,,,,,,,,,,,,,,,3,10,1,,,1,,,,3,,,,,,,,,21,5,,1,1,,4,,,,,,,,,,,,,,,2,2,,,,2,,,,,1,,,,,,,23,,,,,,,,,,,,,,,,,,,,,,
TB2B-22.11-29,1,,,,,10,,,,,2,2,,,,4,1,,,,,,,,,,,,,,,,,,,,,,,,,,,,,,,,,,,,,,,,,,,,1,11,1,,,3,,,,7,,,,,,,,,7,,,,1,,2,1,,,,,,,,,,,,,,,,,1,1,,,,,,,,,,,,,6,,,,,1,,,,,,,,,,,,,,,,,
TB2B-22.11-48,,1,,,,7,,,,,2,6,,,,,1,,,,,,,,,,,,,,3,,,,,,,,,,,,,,,,,,,,,,,,,,,,,,3,8,4,,,3,,,,1,,,,,,,1,,14,,,,3,,1,,,,,,,,,,,1,,,,,2,,1,2,,,2,,,,,,,,,,1,,,,,,,,,,,,,,,,,,,1,,,
TB2B-22.11-38,,2,,,,6,,,,,1,1,,,,,,,,,,,,,,,,,,,,,,,,,,1,,,1,,,,,,,,,,,,,,,,,,,,4,10,,,,2,,,,,,,,,1,,2,,11,,,,,,,,,,,,,,,,,,,,,1,2,,,,,,1,,,1,,,,1,,,2,,,,,,1,,,,,,,,,,,,,,,,
TB2B-22.11-52,,,,,,20,,,,,,4,,,,4,7,,,,,4,,,,,,,,,,1,,,,,,,2,,,,,,,,,,,,,,,,,,,,,,2,2,1,,,2,,,,2,,,,,,,,,7,,,,1,,3,,,,,,,,,,,,,,,,2,,,,1,,1,,,2,,,,1,,,5,,,,,,,,,,,,,,,,,,,,,,
TB2B-22.11-32,,,,,,9,,,,,,1,,,,1,2,,,,,,,,,,,,,,,,,,,,,,,,,,,,,,,,,,,,,,,,,,1,,1,7,2,,,4,1,,,5,,,,,1,,,,8,,,,,,3,,,1,,,,,,,,,,,,,,,,1,1,,,,,,,,,,,,2,,,,,1,,,,,,,,,,,,,,,,,
TB2B-22.11-21,,,,,,25,,,,,2,,,,,,2,,,,,,,,,,,,,,,,,,,,,,,,,,,,,,,,,,,,,,,,,,1,,2,9,2,,,6,1,,,5,,,,,,,,,15,,,,,,5,,,,,,,,,,,,,,,,,,,2,,,,,,2,,,,,,2,,,,,,1,,,1,,,,,,,,,,,1,,,
TB2B-22.11-10,,3,,,,31,,,,,2,1,,,,,3,,,,,,,,,,,,,,3,,,,,,,2,,,,,,,,,,,,,,,,,,,,,,,5,15,4,,,5,,,,2,,,,,,,,,17,1,,,3,,2,,,,,,,,,,,,,,,,,,,1,1,,1,,,2,,,,,,,3,,,,,,1,,,1,,,1,,,,,,,,,,
TB2B-24.5-40,,,2,,8,15,,,,,,,,,,,,,,,,,,,,,,,,1,2,,1,,,,,2,,,,,,1,,,,,,,,,,,,,,,3,,,6,2,,,6,1,,,,,,,,,,,,3,,,,1,,2,,,,,,,,,,,,,,,1,,,,,1,,,,,1,,,,1,,,,,,,,,,,,,,,,,,,,,,,,,
TB2B-24.5-70,,,2,,,5,,,,,2,,,,,,,,,,,,,,,,,,,6,1,1,,,,,,,,1,,,,,,,,,,,,,,,,,,,,,1,2,2,,,8,1,,,,,,,,,,,,16,,,,,,4,,,,,,,,,,,,,,,,,,,,,,1,,,5,,,,,,,,,,,,,,,,,,,,,,,,,,,,,
TB2B-24.5-18,,,1,,6,16,,,,,2,5,,,,,,,,,,,,,,,,,,1,2,,,,,,,1,,,,,,,,,,,,,,,,,,,,,,,,7,2,,,3,1,,,2,,,,,,,,,10,,,,1,,2,,,,,,,,,,,,,,,,,,,1,,,,,,2,,,,,,,,,,,,,,,,,,,,,,,,,1,,,,
TB2B-24.5-16,,,1,,1,34,,,,,3,3,,,,,,,,,,,,,,,,1,,,2,2,2,,,,,3,,,,,,,,,,,,,,,,,,,,,,,1,3,1,,,5,7,,,1,,,,,,,,,5,,,,,,5,,,,,,,,,,,,,,,,,,,,,,1,,,,,,,,,,,,,,,,,,,,,,,,,,,,4,,,,
TB2B-24.5-30,,,2,,,2,,,1,,4,5,,,,,2,,,,,,,,,,,,,2,,,,,,,,1,,,1,,,,,,,,,,,,,,,,,,,,3,8,,,,8,1,,,,,,,,,1,,,8,,,,,,,,,,,,,,,,,,,,,1,,,,3,,2,,,,1,,,,,,,,,,,,,,,,1,,,,,,,,,3,,,,
TB2B-24.5-10,,,5,,16,38,,,2,,1,1,,,,1,2,,,,,,,,,,,,,,,,,7,,,,1,1,,,2,,,,,,,1,,,,,,,,,,,,1,12,2,,,2,6,,,2,,,,,1,1,,,10,2,,,1,,3,2,,,,,1,,,,,,,,,1,,,,1,,,2,,,1,,,,2,,,,,,,,2,8,,,1,,,,,1,,,,7,,2,,
TB2B-24.5-51,,,1,,10,241,,,,,1,1,,,,8,6,,,,,,,,,,,,,1,2,,,,,,,,4,,,,,,,,,,,,,,,,1,,,,,,1,9,1,,,2,9,,,,,,,,,,,,13,2,,,,,3,1,,,,,,,,,,,,,,1,,,,,2,,2,,,2,,,,,,,,,,,,1,,,,,,,,,,,,,,2,,,
TB2B-24.5-42,1,,,,22,19,,,,,,,,,,13,2,,,,,,,,,,,1,,1,,,,,,,,1,,,,,,,,,,,,,,,,,,,,,,,,1,1,,,5,7,,,,,,,,,,,,2,,,,1,,1,1,,,,,,,,,,,,,,1,1,,,,,,,,,4,,,,1,,,,,,,,2,,,,,,,,,,,,,2,1,,,
TB2B-24.5-21,,,,,12,54,,,,,,,,,,7,1,,,,,,,,,,,,,,,,,15,2,,,,,2,,,,,,,,,3,,,,,,1,,,,,,2,2,,,,,22,,,7,,,,,,,,,3,1,,,1,,1,,,,,,,,,,,,,,,2,,,,,1,,1,,,7,,,,,,,,,,,,2,1,,,1,,,,,,,,,,,,,
TB2B-24.5-29,,,1,,10,191,,,,,,7,,,,12,2,,,,,,,,,,,,,,2,,,,6,,,,,,,,,1,,,,,,,,,,,1,,,,,1,2,6,3,,,1,10,,,3,,,,,,,,,5,,,,,,3,4,,,,,,,,,,,,,,2,,,,4,2,,,,,4,,,,,,,,1,,,1,6,2,,,2,,,,,,,,,,1,,,
TB2B-24.5-31,,,1,,8,58,,,1,,3,1,,,,5,4,,,,,,,,,,,,,,1,1,1,,,,,1,,1,,,,,,,,,,,,,,,,,,,,,,1,,,,5,6,,,,1,,,,,,,,7,,,,,,4,,,,,,,,1,,,,,,,2,3,,,2,,,,,,2,,,,,,,,,,,,1,,,,,,,,,,,,,1,1,,,
TB2B-24.5-26,,,1,,,35,,,,,6,2,,,,13,13,,,,,,,,,,,,,,2,,,2,1,,,,,,,,,2,,,,,,,,,,,1,,,,,,1,7,3,,,3,3,,,1,,,,,,,,,12,,,1,1,,1,,,,,,,,,,,,,,,,,,,,,,2,,,,,,,,,,,,,,,1,,,,,,,,,,,,,,1,,,
TB2B-24.5-27,,,2,,5,79,,,,,,1,,,,,2,,,,,,,,,,,,,,,1,,,,,,,,,,,,1,,,,,1,,,,,,2,,,,,,,9,1,,,1,4,,,4,,,,,,,,,10,,,,1,,1,,,,,,,,,,,,,,,3,1,,,1,,,,,,2,,,,,,,,,,,2,,,,,,1,,,,,,,,,,,,
TB2B-24.5-11,,,1,2,12,43,,,,,1,1,,,,,,,,,,,,,,,,1,,,,,,,,,,,2,,,,,,,,,,,,,,,,,,,,,,1,7,2,,,1,13,,,,,,,,,,1,,2,,,,,,2,,,,,,,,,,,,,,,,2,,,8,,,,,,5,,,1,,,,,,,,,1,,,,1,,,,,,,,,1,,,,
TB2B-24.5-6,,,4,,2,18,,,1,,8,2,,,,2,,,,,,,,,,,,,,,,,,,,,,,,,,,,1,,,,,,,,,,,,,,,,,3,1,2,,,4,5,,,,,,,,,2,,,9,,,,,,3,,,,,,,,,,,,,,,1,,,1,1,,,,,,2,,,1,,,,,,,,,,,,1,,,,,,,,,,4,,,,
TB2B-24.5-44,,,3,1,17,289,,,,,2,2,,,,4,1,,,,,,,,,,,1,,,8,,,1,4,,,3,6,,,3,,1,,,,,5,,,,,,8,,,,,1,4,20,3,,,1,2,,,6,,,,,,2,,,46,4,,,,,1,,,,,,,,,,,2,,,,2,,,,4,1,,4,,,5,,,,,,,,,,,1,26,2,,,2,,,,,,,,,4,,2,,
TB2B-24.5-54,,,1,,1,19,,,,,,,,,,,,,,,,,,,,,,,,1,1,1,,,,,,,,,,,,,,,,,,,,,,,,,,,,1,1,30,2,,,6,,,,2,,,,1,,,,,38,,,,4,,2,1,,,,,,,,,,,,,,,,,,,,,2,,,,,,,,,,,,,,,,,,,3,,,,,,,,,5,,,,
TB2B-24.7-41,,,,,,,,,,,,,,,,,,,,,,,,,,,,,,1,,,,,,,,3,,,,,,,,,,,,,,,,,,,,,,,1,2,2,,,,2,,,2,,,,,,,,,,,,2,,,,,,,,,,,,,,,,,,,1,,,3,,,,,,5,,,,,,,,,,,,,,,,,,,,,,,,,,,,,
TB2B-24.7-37,,,,,7,8,,,,,4,5,1,,,,,,,,,,,,,,,,,3,,,,1,,,,2,,,,1,,,,,,,,,,,,,1,,,,,,1,8,5,,,4,10,1,,2,,,1,1,,,,,,,,1,,,1,,,,,,,,,,,,,,,,,,,,2,,,,,6,,,,,,,,,,1,,2,,,,1,,,,,,,,,,,,,
TB2B-24.7-26,,,,,2,21,,,,,3,9,,,,,,,,,,,,,,,,,,1,,,,,,,,1,,,,,,,,,,,,,,,,,,,,,,,1,9,1,,,17,4,,,,,,2,,,,,,,,,1,3,,,,,,,,,,,,,,,,,,,,,9,1,,5,,,5,,,,,,,,4,,,,,,,,,,,,,,,,,,,,,
TB2B-24.7-52,2,,,,7,9,,,,,4,6,,,,,,,,,,,,,,,,,,,,,,,,,,,1,,,,,,,,,,,,,,,,,,,,,2,1,3,1,,,4,4,,,,,,1,,1,,,,,,,4,,,,,,,,,,,,,,,,,,,3,,,4,,,,,,2,,,,,,,,,,,,1,,,,,,,,,,,,,,,,,
TB2B-24.7-18,,,1,,,9,,,,,,5,,,,,,,,,,,,,,,,,,3,,2,,,,,,2,,,,1,,,,,,,,,,,,,,,,,,1,2,5,2,,,4,1,,,,,,,,,,,,,,1,3,,,,1,,1,,,,,,,,,,,,,,,,3,,,1,,,8,,,,,,,,,,,,,,,,3,,,,,,,,,,,,,
TB2B-24.7-14,,,,,,1,,,,,,,,,,,,,,,,,,,,,,,,,,,,,,,,,,,,,,,,,,,,,,,,,1,,,,,,3,5,,,,4,3,,,,,,,,,,,,,,,1,,,2,,,,,,,,,,,,,,,,,,,4,1,,,,,4,,1,,,,,,,,,1,,,,,1,,,,,,,,,,,,,
TB2B-24.7-25,,,,1,7,12,,,,,,,,,,3,3,,,,,,,,,,,,,,,,,,,,,2,3,,,,,,,,,,,,,,,,1,,,,,,2,17,3,,,2,5,,,3,,,,,1,,,,12,,,,2,,1,1,,,,,,,,,,,,,,,1,,,1,,,2,,,,,,,,,,,,,,,2,,,,,,,,,,,,,,,,,
TB2B-24.7-47,,,1,,,7,,,,,1,,,,,,,,,,,,,,,,,,,,,,,1,,,,1,,,,,,,,,,,,,,,1,,,,,,,,2,7,,,,6,4,,,,,,,,,,,,,,,1,,,,,,,,,,,,,1,,,1,,,,,,1,,,,,,8,,,,,,,,,,,,,,,,,,,,,,,,,,,,,
TB2B-24.7-29,,,1,,2,2,,,,,3,5,,,,,,,,,,,,,,,,,,1,,2,,1,,,,1,2,,,,,,,,,,,,,,,,,,,,,1,,5,2,,,2,7,,,1,,,1,,,,,,,,,2,2,,,,,,,,,,,,,,,,,,1,,,1,,,,,2,6,,,,,,,,,,,,2,,,,,,,,,,,,,,,,,
TB2B-24.7-16,,,1,,1,,,,,,,3,,,,,,,,1,,,,,,,,,,2,,1,,1,,,,2,2,,,1,,,,,,,,,,,,,1,,,,,1,,4,,,,3,1,,,3,,,,,,,,,,,,1,,,,1,,,,,,1,,,,,,,,,,,,1,,,,,,4,,,,,,,,1,,,1,2,,,,1,,,,,,,,,1,,,,
TB2B-24.7-27,,,,,3,1,,,,,1,,,,,,,,,,,,,,,,,,,,1,1,,,,,,,,,,,,,,,,,,,,,1,,,,1,,,,,1,1,,,3,6,,,,,,,,2,,,,,,,2,,,,,,1,,,,,,,,,,,,,1,,,,,,,,,8,,,,,,,,,,,,1,,,,1,,,,,,,,,,,,,
TB2B-24.7-48,,,,,8,4,,,,,4,5,1,,,,,,,,,,,,,,,,,,,,,,,,,1,,,,,,,,,,,,,,,,,,,,,1,,,1,1,,,19,6,,,1,,,1,,,,,,,,,,,,,,,,,,,,,,,,,,,,1,,,1,1,,,,,6,,,,,,,,,,,,,,,,,,,,,,,,,,,,,
TB2B-24.9-35,,,,,,1,,,,,,,,,,,,,,,,,,,,,,,,,,,,,,,,1,1,,,,,,,,,,,,,,,,,,,,,,3,2,,,,1,,,,,,,,,,,,,,1,,,,,,,,,,,,,,,,,,,,,,,,1,,,,,,8,,,,,,,,,,,1,,,,,,,,,,,,,,,,,,
TB2B-24.9-45,,,,,,,,,,,,,,,,,,,,,,,,,,,,,,,,1,,,,,,,,,,,,,,,,,,,,,,,,,,,,,,,1,,,1,3,,,,,,,,,,,,,,,,,,,1,,,,,,,,,,,,,,,,,,1,,,,,,1,,,,,,,,,,,,,,,,,,,,,1,,,,,,,,
TB2B-24.9-6,,,,,,,,,,,,,,,,,,,,,,,,,,,,,,,,1,2,,,,,,,,,,,,,,,,,,,,,,,,,,,,1,,,,,,1,,,,,,,,,,,,,,,,,,,,,,,,,,,,,,,,,,,,,1,,,,,,7,,,,,,,,,,,,,,,,1,,,,,,,,,,,,,
TB2B-24.9-18,,,,,,,,,,,,,,,,,,,,,,,,,,,,,,,,,,2,,,,,,,,,,,,,,,,,,,,,,,,,,,3,5,,,,1,,,,,,,,,,,,,,,,,,,,,,,,,,,,,,,,1,,,1,,,7,2,,,,1,8,,,,,,,,,,,,,,,,,,,,,,,,,1,,,,
TB2B-24.9-51,,,1,,,,,,,,,,,,,,,,,,,,,,,,,,,,,1,,,,,,,,,,,,,,,,,,,,,,,,,,,,,,7,,,,4,,,,,,,,,,,,,,,,,,,,,,,,,,,,,,,,,,,2,,,8,,,,,,9,,,,,,,,,,,,,,,,,,,,,,,,,,,,,
TB2B-24.9-27,,,,,,,,,,,,,,,,,,,,,,,,,,,,,,,,,,1,,,,,,,,,,,,,,,,,,,,,,,,,,,1,3,1,,,,,,,,,,,,,,,,,,,,,,,,,,,,,,,,,,,1,,,1,,,2,,,,,,6,,,,,,,,,,,,,,,,,,,,,,,,,,,,,
TB2B-24.9-38,,,,,,,,,,,,,,,,,,,,,,,,,,,,,,,,,,,,,,,,,,,,,,,,,,,,,,,,,,,,,,2,2,,,,,,,,,,,,,,,,,,,,,,,,,,,,,,,,,,,,,,,,,1,,,,,,4,,,,,,,,,,,,,,,,,,,,,,,,,,,,,
TB2B-24.9-31,,,,,,,,,,,1,,,,,,,,,,,,,,,,,,,,,,,6,1,,,,,,,,,,,,,,,,,,,,2,,,,,,1,2,,,,1,,,,4,,,,,,,,,,,,,,,,,,,,,,,,,,,,,,,1,,,1,,,,,,8,,,,,,,,,,,,1,,1,,,,,,,,,,,,,,,
TB2B-24.9-16,,,1,,,1,,,,,,,,,,1,,,,,,,,,,,,,,,1,,,1,,,,,,,,,,,,,,,,,,,,,,,,,,,5,9,,,,1,,,,,,,,,1,,,,,,,,,,,,,,,,,,,,,,,1,,,1,,,5,1,,,,,4,,,,,,,,,,,,1,,,,,,,,,,,,,,,,,
TB2B-24.9-37,,,,,,,,,,,,,,,,,,,,,,,,,,,,,,,,,,,,,,,,,,,,,,,,,,,,,,,,,,,,,,2,1,,,,,,,,,,,,,,,,,,,,,,,,,,,,,,,,,,,,,,,,,,,,,,1,3,,,,,,,,,,,,,,,,,,,,,,,,,,,,,
TB2B-24.9-5,,,,,,,,,,,,,,,,,,,,,,,,,,,,,,,,,,,,,,,,,,,,,,,,,,,,,,,,,,,,,,4,3,,,1,,,,,,,1,,,,,,,,,,,,,,,,,,,,,,,,,,,,,,,1,,,,,1,6,,,,,,,,,,,,,,,,,,,,,,,,,,,,,
TB2B-24.9-29,,,,,,,,,,,,,,,,,,,,,,,,,,,,,,,,,,,,,,,,,,,,,,,,,,,,,,,,,,,,,,3,,,,,,,,,,,,,,,,,,,,1,,,,,,,,,,,,,,,,,,,,,,2,,,,,,4,,,,,,,,,,,,,,,,,,,,,,,,,,,,,
TB2B-24.9-17,,,,,,,,,1,,,,,,,,,,,,,,,,,,,,,,,,,,,,,,,,,,,,,,,,,,,,,,,,,,,,,6,,,,1,,,,,,,,,,,,,,,,,,,,,,,,,,,,,,,,,,,,,,1,,,,,1,7,,,,,,,,,,,,,,,,,,,,,,,,,,,,,
TB2B-24.9-24,,,,,,,,,,,,,,,,,,,,,,,,,,,,,,,,,,,,,,,,,,,,,,,,,,,,,,,,,,,,,,1,1,,,,,,,,,,,,,,,,,,,1,,,,,1,,,,,,,,,,,,,,1,,,,,,,,,5,,,,,,,,,,,,,,,,,,,,,,,,,,,,,
TB2B-24.9-34,,,,,,,,,,,,,,,,,,,,,,,,,,,,,,,,,,,,,,,,,,,,,,,,,,,,,,,,,,,,,,,1,,,,,,,,,,,,,,,,,,,2,,,,,,,,,,,,,,,,,,,,,,1,,,,,,4,,,,,,,,,,,,,,,,,,,,,,,,,,,,,
TB2B-24.9-25,,,,,,,,,,,,,,,,,,,,,,,,,,,,,,,,,,,,,,,,,,,,,,,,,,,,,,,,,,,,,,6,,,,1,,,,,,,,,,,,,,,,,,,,,,,,,,1,,,,,,,,,2,,,3,,,,,,7,,,,,,,,,,,,,,,,1,,,,,,,,,,,,,
TB2B-24.9-12,,,,,,,,,,,,,,,,1,,,,,,,,,,,,,,,,,,,,,,,,,,,,,,,,,,,,,,,,,,,,,,3,3,,,,,,,,,,,,,,,,,,,,,,,,,,,,,,,,,,,,,,,,,2,,,,,,6,,,,,,,,,,,,,,,,,,,,,,,,,,,,,
TB2B-24.9-26,,,,,,9,,,,,,2,,,,,,,,,,,,,,1,,,,,,,,,,,,,,,,,,,,,,,,,,,,,,,,,,,,8,,,,,,,,1,,,,,,,,,,,,,,,,,,,,,,,,,,,,1,2,,3,,,7,1,,,,,5,,,,,,,,,,,,,,,,,,,,,,,,,,,,,
